"object","replicate_number","replicate_value"
"FractionNonoptimizers",1,0.3858235
"FractionNonoptimizers",2,0.4228241
"FractionNonoptimizers",3,0.3969886
"FractionNonoptimizers",4,0.3785619
"FractionNonoptimizers",5,0.4019625
"FractionNonoptimizers",6,0.3797521
"FractionNonoptimizers",7,0.3783609
"FractionNonoptimizers",8,0.366649
"FractionNonoptimizers",9,0.3680403
"FractionNonoptimizers",10,0.3857929
"FractionNonoptimizers",11,0.3812671
"FractionNonoptimizers",12,0.3853286
"FractionNonoptimizers",13,0.3813527
"FractionNonoptimizers",14,0.3854594
"FractionNonoptimizers",15,0.3788514
"FractionNonoptimizers",16,0.4050467
"FractionNonoptimizers",17,0.2726353
"FractionNonoptimizers",18,0.3996556
"FractionNonoptimizers",19,0.4014591
"FractionNonoptimizers",20,0.3836994
"FractionNonoptimizers",21,0.3979844
"FractionNonoptimizers",22,0.4039028
"FractionNonoptimizers",23,0.4787537
"FractionNonoptimizers",24,0.3807508
"FractionNonoptimizers",25,0.3841722
"FractionNonoptimizers",26,0.3867732
"FractionNonoptimizers",27,0.3871667
"FractionNonoptimizers",28,0.3735951
"FractionNonoptimizers",29,0.3737048
"FractionNonoptimizers",30,0.398912
"FractionNonoptimizers",31,0.3778314
"FractionNonoptimizers",32,0.3812551
"FractionNonoptimizers",33,0.3887519
"FractionNonoptimizers",34,0.3741276
"FractionNonoptimizers",35,0.3939919
"FractionNonoptimizers",36,0.385072
"FractionNonoptimizers",37,0.3626479
"FractionNonoptimizers",38,0.389271
"FractionNonoptimizers",39,0.3898296
"FractionNonoptimizers",40,0.3832262
"FractionNonoptimizers",41,0.3853946
"FractionNonoptimizers",42,0.3902712
"FractionNonoptimizers",43,0.38456
"FractionNonoptimizers",44,0.38977
"FractionNonoptimizers",45,0.3841265
"FractionNonoptimizers",46,0.401514
"FractionNonoptimizers",47,0.3833735
"FractionNonoptimizers",48,0.4014516
"FractionNonoptimizers",49,0.3692375
"FractionNonoptimizers",50,0.3818823
"FractionNonoptimizers",51,0.3774451
"FractionNonoptimizers",52,0.3974464
"FractionNonoptimizers",53,0.3875338
"FractionNonoptimizers",54,0.3935789
"FractionNonoptimizers",55,0.3717933
"FractionNonoptimizers",56,0.3959027
"FractionNonoptimizers",57,0.3861559
"FractionNonoptimizers",58,0.3732162
"FractionNonoptimizers",59,0.3609181
"FractionNonoptimizers",60,0.3818699
"FractionNonoptimizers",61,0.3944639
"FractionNonoptimizers",62,0.371629
"FractionNonoptimizers",63,0.3649122
"FractionNonoptimizers",64,0.3869454
"FractionNonoptimizers",65,0.3864197
"FractionNonoptimizers",66,0.3960794
"FractionNonoptimizers",67,0.3935817
"FractionNonoptimizers",68,0.3592156
"FractionNonoptimizers",69,0.3923549
"FractionNonoptimizers",70,0.3791397
"FractionNonoptimizers",71,0.3708351
"FractionNonoptimizers",72,0.3767319
"FractionNonoptimizers",73,0.392156
"FractionNonoptimizers",74,0.3938026
"FractionNonoptimizers",75,0.3761549
"FractionNonoptimizers",76,0.3788525
"FractionNonoptimizers",77,0.3878493
"FractionNonoptimizers",78,0.398063
"FractionNonoptimizers",79,0.3755352
"FractionNonoptimizers",80,0.3933775
"FractionNonoptimizers",81,0.3987331
"FractionNonoptimizers",82,0.3991886
"FractionNonoptimizers",83,0.3875107
"FractionNonoptimizers",84,0.3842153
"FractionNonoptimizers",85,0.391712
"FractionNonoptimizers",86,0.3846976
"FractionNonoptimizers",87,0.3791847
"FractionNonoptimizers",88,0.3971458
"FractionNonoptimizers",89,0.3880453
"FractionNonoptimizers",90,0.4272868
"FractionNonoptimizers",91,0.4151972
"FractionNonoptimizers",92,0.3899995
"FractionNonoptimizers",93,0.3831322
"FractionNonoptimizers",94,0.3591174
"FractionNonoptimizers",95,0.4022742
"FractionNonoptimizers",96,0.3843283
"FractionNonoptimizers",97,0.4063502
"FractionNonoptimizers",98,0.4000721
"FractionNonoptimizers",99,0.3842003
"FractionNonoptimizers",100,0.3888492
"FractionNonoptimizers",101,0.3781706
"FractionNonoptimizers",102,0.3834373
"FractionNonoptimizers",103,0.3932149
"FractionNonoptimizers",104,0.4098312
"FractionNonoptimizers",105,0.4080426
"FractionNonoptimizers",106,0.392152
"FractionNonoptimizers",107,0.3914889
"FractionNonoptimizers",108,0.3978769
"FractionNonoptimizers",109,0.3833749
"FractionNonoptimizers",110,0.3928093
"FractionNonoptimizers",111,0.383862
"FractionNonoptimizers",112,0.2032781
"FractionNonoptimizers",113,0.3939802
"FractionNonoptimizers",114,0.3668983
"FractionNonoptimizers",115,0.3886772
"FractionNonoptimizers",116,0.3843479
"FractionNonoptimizers",117,0.3876846
"FractionNonoptimizers",118,0.3728402
"FractionNonoptimizers",119,0.365641
"FractionNonoptimizers",120,0.3793642
"FractionNonoptimizers",121,0.3982504
"FractionNonoptimizers",122,0.4024057
"FractionNonoptimizers",123,0.3911724
"FractionNonoptimizers",124,0.403482
"FractionNonoptimizers",125,0.389683
"FractionNonoptimizers",126,0.3923284
"FractionNonoptimizers",127,0.4015399
"FractionNonoptimizers",128,0.42233
"FractionNonoptimizers",129,0.3907356
"FractionNonoptimizers",130,0.3646048
"FractionNonoptimizers",131,0.4067022
"FractionNonoptimizers",132,0.0598321
"FractionNonoptimizers",133,0.392558
"FractionNonoptimizers",134,0.3819799
"FractionNonoptimizers",135,0.396865
"FractionNonoptimizers",136,0.3853519
"FractionNonoptimizers",137,0.368474
"FractionNonoptimizers",138,0.3915734
"FractionNonoptimizers",139,0.4033232
"FractionNonoptimizers",140,0.4036471
"FractionNonoptimizers",141,0.3714199
"FractionNonoptimizers",142,0.3963156
"FractionNonoptimizers",143,0.3871111
"FractionNonoptimizers",144,0.3976157
"FractionNonoptimizers",145,0.3982433
"FractionNonoptimizers",146,0.4011595
"FractionNonoptimizers",147,0.3941658
"FractionNonoptimizers",148,0.3772143
"FractionNonoptimizers",149,0.3652341
"FractionNonoptimizers",150,0.3863006
"FractionNonoptimizers",151,0.363299
"FractionNonoptimizers",152,0.3985659
"FractionNonoptimizers",153,0.3628596
"FractionNonoptimizers",154,0.3900434
"FractionNonoptimizers",155,0.3690524
"FractionNonoptimizers",156,0.399944
"FractionNonoptimizers",157,0.3573949
"FractionNonoptimizers",158,0.3783701
"FractionNonoptimizers",159,0.3776883
"FractionNonoptimizers",160,0.4124641
"FractionNonoptimizers",161,0.3978737
"FractionNonoptimizers",162,0.3811004
"FractionNonoptimizers",163,0.377923
"FractionNonoptimizers",164,0.3744471
"FractionNonoptimizers",165,0.3990187
"FractionNonoptimizers",166,0.3691683
"FractionNonoptimizers",167,0.3948943
"FractionNonoptimizers",168,0.3422076
"FractionNonoptimizers",169,0.3792062
"FractionNonoptimizers",170,0.3706978
"FractionNonoptimizers",171,0.4077115
"FractionNonoptimizers",172,0.3779953
"FractionNonoptimizers",173,0.3617905
"FractionNonoptimizers",174,0.3831203
"FractionNonoptimizers",175,0.3682723
"FractionNonoptimizers",176,0.393887
"FractionNonoptimizers",177,0.3913581
"FractionNonoptimizers",178,0.3823023
"FractionNonoptimizers",179,0.3943084
"FractionNonoptimizers",180,0.3919521
"FractionNonoptimizers",181,0.4165799
"FractionNonoptimizers",182,0.3863433
"FractionNonoptimizers",183,0.3705878
"FractionNonoptimizers",184,0.378618
"FractionNonoptimizers",185,0.3800825
"FractionNonoptimizers",186,0.4012787
"FractionNonoptimizers",187,0.3875034
"FractionNonoptimizers",188,0.3718119
"FractionNonoptimizers",189,0.3903431
"FractionNonoptimizers",190,0.3973262
"FractionNonoptimizers",191,0.40082
"FractionNonoptimizers",192,0.3860911
"FractionNonoptimizers",193,0.4340949
"FractionNonoptimizers",194,0.3917929
"FractionNonoptimizers",195,0.3877405
"FractionNonoptimizers",196,0.4034368
"FractionNonoptimizers",197,0.401033
"FractionNonoptimizers",198,0.4043772
"FractionNonoptimizers",199,0.3878851
"FractionNonoptimizers",200,0.3591956
"FractionNonoptimizers",201,0.3823111
"FractionNonoptimizers",202,0.3898906
"FractionNonoptimizers",203,0.4061091
"FractionNonoptimizers",204,0.4050173
"FractionNonoptimizers",205,0.3610131
"FractionNonoptimizers",206,0.368808
"FractionNonoptimizers",207,0.3706889
"FractionNonoptimizers",208,0.4161644
"FractionNonoptimizers",209,0.4148711
"FractionNonoptimizers",210,0.3828849
"FractionNonoptimizers",211,0.390378
"FractionNonoptimizers",212,0.4144837
"FractionNonoptimizers",213,0.3847501
"FractionNonoptimizers",214,0.3740122
"FractionNonoptimizers",215,0.4169185
"FractionNonoptimizers",216,0.3916082
"FractionNonoptimizers",217,0.3795558
"FractionNonoptimizers",218,0.3941718
"FractionNonoptimizers",219,0.404447
"FractionNonoptimizers",220,0.3776358
"FractionNonoptimizers",221,0.3863923
"FractionNonoptimizers",222,0.3951083
"FractionNonoptimizers",223,0.3870535
"FractionNonoptimizers",224,0.3916786
"FractionNonoptimizers",225,0.3790675
"FractionNonoptimizers",226,0.3841971
"FractionNonoptimizers",227,0.3977688
"FractionNonoptimizers",228,0.3703348
"FractionNonoptimizers",229,0.3973481
"FractionNonoptimizers",230,0.3850672
"FractionNonoptimizers",231,0.3782193
"FractionNonoptimizers",232,0.389847
"FractionNonoptimizers",233,0.4009935
"FractionNonoptimizers",234,0.3628342
"FractionNonoptimizers",235,0.382664
"FractionNonoptimizers",236,0.3968821
"FractionNonoptimizers",237,0.3649529
"FractionNonoptimizers",238,0.3820224
"FractionNonoptimizers",239,0.4088323
"FractionNonoptimizers",240,0.3695688
"FractionNonoptimizers",241,0.3748255
"FractionNonoptimizers",242,0.4093797
"FractionNonoptimizers",243,0.3734027
"FractionNonoptimizers",244,0.4058548
"FractionNonoptimizers",245,0.3803814
"FractionNonoptimizers",246,0.3761793
"FractionNonoptimizers",247,0.38325
"FractionNonoptimizers",248,0.3672618
"FractionNonoptimizers",249,0.4167154
"FractionNonoptimizers",250,0.3730602
"FractionNonoptimizers",251,0.3865659
"FractionNonoptimizers",252,0.4020906
"FractionNonoptimizers",253,0.3991178
"FractionNonoptimizers",254,0.4006372
"FractionNonoptimizers",255,0.3949283
"FractionNonoptimizers",256,0.3937006
"FractionNonoptimizers",257,0.3962588
"FractionNonoptimizers",258,0.3905057
"FractionNonoptimizers",259,0.365444
"FractionNonoptimizers",260,0.4009067
"FractionNonoptimizers",261,0.387692
"FractionNonoptimizers",262,0.3976617
"FractionNonoptimizers",263,0.4180169
"FractionNonoptimizers",264,0.369117
"FractionNonoptimizers",265,0.3785929
"FractionNonoptimizers",266,0.3983887
"FractionNonoptimizers",267,0.3857212
"FractionNonoptimizers",268,0.3794795
"FractionNonoptimizers",269,0.3907717
"FractionNonoptimizers",270,0.3946111
"FractionNonoptimizers",271,0.3757466
"FractionNonoptimizers",272,0.4033716
"FractionNonoptimizers",273,0.3764782
"FractionNonoptimizers",274,0.3704578
"FractionNonoptimizers",275,0.37737
"FractionNonoptimizers",276,0.3848155
"FractionNonoptimizers",277,0.3848081
"FractionNonoptimizers",278,0.3675041
"FractionNonoptimizers",279,0.3888066
"FractionNonoptimizers",280,0.3762051
"FractionNonoptimizers",281,0.3833784
"FractionNonoptimizers",282,0.394681
"FractionNonoptimizers",283,0.3757943
"FractionNonoptimizers",284,0.3718492
"FractionNonoptimizers",285,0.3814517
"FractionNonoptimizers",286,0.3918178
"FractionNonoptimizers",287,0.3942411
"FractionNonoptimizers",288,0.3840159
"FractionNonoptimizers",289,0.3964345
"FractionNonoptimizers",290,0.3827294
"FractionNonoptimizers",291,0.3840868
"FractionNonoptimizers",292,0.373541
"FractionNonoptimizers",293,0.3845177
"FractionNonoptimizers",294,0.3779863
"FractionNonoptimizers",295,0.3886154
"FractionNonoptimizers",296,0.3793974
"FractionNonoptimizers",297,0.4026949
"FractionNonoptimizers",298,0.3725716
"FractionNonoptimizers",299,0.3818566
"FractionNonoptimizers",300,0.4015034
"FractionNonoptimizers",301,0.3591251
"FractionNonoptimizers",302,0.4060744
"FractionNonoptimizers",303,0.3613696
"FractionNonoptimizers",304,0.4009687
"FractionNonoptimizers",305,0.3613791
"FractionNonoptimizers",306,0.3764224
"FractionNonoptimizers",307,0.3506387
"FractionNonoptimizers",308,0.3785934
"FractionNonoptimizers",309,0.3729193
"FractionNonoptimizers",310,0.3927923
"FractionNonoptimizers",311,0.3843921
"FractionNonoptimizers",312,0.3666208
"FractionNonoptimizers",313,0.3817681
"FractionNonoptimizers",314,0.3924273
"FractionNonoptimizers",315,0.3543052
"FractionNonoptimizers",316,0.3742656
"FractionNonoptimizers",317,0.3815857
"FractionNonoptimizers",318,0.3813875
"FractionNonoptimizers",319,0.3830947
"FractionNonoptimizers",320,0.4067252
"FractionNonoptimizers",321,0.3881026
"FractionNonoptimizers",322,0.3605081
"FractionNonoptimizers",323,0.3592625
"FractionNonoptimizers",324,0.3871666
"FractionNonoptimizers",325,0.3765461
"FractionNonoptimizers",326,0.366879
"FractionNonoptimizers",327,0.3987619
"FractionNonoptimizers",328,0.3892554
"FractionNonoptimizers",329,0.4022449
"FractionNonoptimizers",330,0.3878143
"FractionNonoptimizers",331,0.4071326
"FractionNonoptimizers",332,0.4013534
"FractionNonoptimizers",333,0.3796818
"FractionNonoptimizers",334,0.3900247
"FractionNonoptimizers",335,0.3742141
"FractionNonoptimizers",336,0.3641554
"FractionNonoptimizers",337,0.3684115
"FractionNonoptimizers",338,0.4072131
"FractionNonoptimizers",339,0.3841172
"FractionNonoptimizers",340,0.3541337
"FractionNonoptimizers",341,0.3757932
"FractionNonoptimizers",342,0.4048657
"FractionNonoptimizers",343,0.370721
"FractionNonoptimizers",344,0.3934822
"FractionNonoptimizers",345,0.3887118
"FractionNonoptimizers",346,0.3863358
"FractionNonoptimizers",347,0.1350015
"FractionNonoptimizers",348,0.3724605
"FractionNonoptimizers",349,0.3863666
"FractionNonoptimizers",350,0.3885445
"FractionNonoptimizers",351,0.3798133
"FractionNonoptimizers",352,0.3668615
"FractionNonoptimizers",353,0.4018857
"FractionNonoptimizers",354,0.3789536
"FractionNonoptimizers",355,0.3891197
"FractionNonoptimizers",356,0.3817603
"FractionNonoptimizers",357,0.3888471
"FractionNonoptimizers",358,0.3830463
"FractionNonoptimizers",359,0.3768937
"FractionNonoptimizers",360,0.3930862
"FractionNonoptimizers",361,0.3961966
"FractionNonoptimizers",362,0.4195464
"FractionNonoptimizers",363,0.3776529
"FractionNonoptimizers",364,0.4121041
"FractionNonoptimizers",365,0.3888994
"FractionNonoptimizers",366,0.4001541
"FractionNonoptimizers",367,0.3756574
"FractionNonoptimizers",368,0.3815026
"FractionNonoptimizers",369,0.3902733
"FractionNonoptimizers",370,0.406011
"FractionNonoptimizers",371,0.3890488
"FractionNonoptimizers",372,0.4075024
"FractionNonoptimizers",373,0.3766133
"FractionNonoptimizers",374,0.384922
"FractionNonoptimizers",375,0.3763737
"FractionNonoptimizers",376,0.4016732
"FractionNonoptimizers",377,0.3860737
"FractionNonoptimizers",378,0.3756504
"FractionNonoptimizers",379,0.3688864
"FractionNonoptimizers",380,0.3924055
"FractionNonoptimizers",381,0.4063407
"FractionNonoptimizers",382,0.3905675
"FractionNonoptimizers",383,0.3866215
"FractionNonoptimizers",384,0.378195
"FractionNonoptimizers",385,0.3860194
"FractionNonoptimizers",386,0.378149
"FractionNonoptimizers",387,0.3871098
"FractionNonoptimizers",388,0.3507804
"FractionNonoptimizers",389,0.4081138
"FractionNonoptimizers",390,0.4000112
"FractionNonoptimizers",391,0.4093391
"FractionNonoptimizers",392,0.3921949
"FractionNonoptimizers",393,0.3668166
"FractionNonoptimizers",394,0.4058085
"FractionNonoptimizers",395,0.3830737
"FractionNonoptimizers",396,0.4008772
"FractionNonoptimizers",397,0.3829644
"FractionNonoptimizers",398,0.3728741
"FractionNonoptimizers",399,0.3672609
"FractionNonoptimizers",400,0.388505
"FractionNonoptimizers",401,0.3989179
"FractionNonoptimizers",402,0.3659398
"FractionNonoptimizers",403,0.4021214
"FractionNonoptimizers",404,0.3666602
"FractionNonoptimizers",405,0.3837181
"FractionNonoptimizers",406,0.3733763
"FractionNonoptimizers",407,0.3689209
"FractionNonoptimizers",408,0.3813049
"FractionNonoptimizers",409,0.3950636
"FractionNonoptimizers",410,0.3867597
"FractionNonoptimizers",411,0.3524889
"FractionNonoptimizers",412,0.3796961
"FractionNonoptimizers",413,0.4141407
"FractionNonoptimizers",414,0.3889785
"FractionNonoptimizers",415,0.3891248
"FractionNonoptimizers",416,0.3778758
"FractionNonoptimizers",417,0.3718027
"FractionNonoptimizers",418,0.3811469
"FractionNonoptimizers",419,0.3824022
"FractionNonoptimizers",420,0.3799002
"FractionNonoptimizers",421,0.3845973
"FractionNonoptimizers",422,0.3842043
"FractionNonoptimizers",423,0.3988788
"FractionNonoptimizers",424,0.3729343
"FractionNonoptimizers",425,0.4151635
"FractionNonoptimizers",426,0.3752027
"FractionNonoptimizers",427,0.4146457
"FractionNonoptimizers",428,0.401141
"FractionNonoptimizers",429,0.390665
"FractionNonoptimizers",430,0.3857476
"FractionNonoptimizers",431,0.4001238
"FractionNonoptimizers",432,0.4011309
"FractionNonoptimizers",433,0.3718451
"FractionNonoptimizers",434,0.3701282
"FractionNonoptimizers",435,0.3816403
"FractionNonoptimizers",436,0.3964376
"FractionNonoptimizers",437,0.3748426
"FractionNonoptimizers",438,0.3749953
"FractionNonoptimizers",439,0.3800876
"FractionNonoptimizers",440,0.3856536
"FractionNonoptimizers",441,0.4087639
"FractionNonoptimizers",442,0.3839644
"FractionNonoptimizers",443,0.378069
"FractionNonoptimizers",444,0.3634028
"FractionNonoptimizers",445,0.3690661
"FractionNonoptimizers",446,0.3821884
"FractionNonoptimizers",447,0.3746639
"FractionNonoptimizers",448,0.4093314
"FractionNonoptimizers",449,0.3700872
"FractionNonoptimizers",450,0.4168966
"FractionNonoptimizers",451,0.3937878
"FractionNonoptimizers",452,0.390277
"FractionNonoptimizers",453,0.3902238
"FractionNonoptimizers",454,0.4018576
"FractionNonoptimizers",455,0.4001986
"FractionNonoptimizers",456,0.4647571
"FractionNonoptimizers",457,0.198789
"FractionNonoptimizers",458,0.3887327
"FractionNonoptimizers",459,0.379858
"FractionNonoptimizers",460,0.3845307
"FractionNonoptimizers",461,0.3605101
"FractionNonoptimizers",462,0.3750507
"FractionNonoptimizers",463,0.3909206
"FractionNonoptimizers",464,0.4145249
"FractionNonoptimizers",465,0.3857772
"FractionNonoptimizers",466,0.3898752
"FractionNonoptimizers",467,0.4029867
"FractionNonoptimizers",468,0.4051086
"FractionNonoptimizers",469,0.410308
"FractionNonoptimizers",470,0.3688315
"FractionNonoptimizers",471,0.3933595
"FractionNonoptimizers",472,0.414662
"FractionNonoptimizers",473,0.3907623
"FractionNonoptimizers",474,0.4022168
"FractionNonoptimizers",475,0.4035116
"FractionNonoptimizers",476,0.400621
"FractionNonoptimizers",477,0.3704539
"FractionNonoptimizers",478,0.3894256
"FractionNonoptimizers",479,0.3934036
"FractionNonoptimizers",480,0.3666673
"FractionNonoptimizers",481,0.394594
"FractionNonoptimizers",482,0.3876264
"FractionNonoptimizers",483,0.3768145
"FractionNonoptimizers",484,0.395541
"FractionNonoptimizers",485,0.3803631
"FractionNonoptimizers",486,0.3797934
"FractionNonoptimizers",487,0.4134962
"FractionNonoptimizers",488,0.3890035
"FractionNonoptimizers",489,0.3941944
"FractionNonoptimizers",490,0.3906681
"FractionNonoptimizers",491,0.4125737
"FractionNonoptimizers",492,0.371659
"FractionNonoptimizers",493,0.3562089
"FractionNonoptimizers",494,0.3837748
"FractionNonoptimizers",495,0.37046
"FractionNonoptimizers",496,0.3940333
"FractionNonoptimizers",497,0.3936679
"FractionNonoptimizers",498,0.378198
"FractionNonoptimizers",499,0.395264
"FractionNonoptimizers",500,0.4028542
"ObservedBunchingElasticity",1,0.0674
"ObservedBunchingElasticity",2,0.1971
"ObservedBunchingElasticity",3,0.1075
"ObservedBunchingElasticity",4,0.0712
"ObservedBunchingElasticity",5,0.1488
"ObservedBunchingElasticity",6,0.0786
"ObservedBunchingElasticity",7,0.0599
"ObservedBunchingElasticity",8,0.0823
"ObservedBunchingElasticity",9,0.0125
"ObservedBunchingElasticity",10,0.0637
"ObservedBunchingElasticity",11,0.0786
"ObservedBunchingElasticity",12,0.056
"ObservedBunchingElasticity",13,0.0522
"ObservedBunchingElasticity",14,0.0749
"ObservedBunchingElasticity",15,0.0823
"ObservedBunchingElasticity",16,0.0749
"ObservedBunchingElasticity",17,0.3563
"ObservedBunchingElasticity",18,0.0823
"ObservedBunchingElasticity",19,0.162
"ObservedBunchingElasticity",20,0.056
"ObservedBunchingElasticity",21,0.0674
"ObservedBunchingElasticity",22,0.2095
"ObservedBunchingElasticity",23,0.3563
"ObservedBunchingElasticity",24,0.0896
"ObservedBunchingElasticity",25,0.0896
"ObservedBunchingElasticity",26,0.0444
"ObservedBunchingElasticity",27,0.056
"ObservedBunchingElasticity",28,0.0749
"ObservedBunchingElasticity",29,0.0749
"ObservedBunchingElasticity",30,0.0712
"ObservedBunchingElasticity",31,0.1111
"ObservedBunchingElasticity",32,0.1846
"ObservedBunchingElasticity",33,0.0896
"ObservedBunchingElasticity",34,0.0823
"ObservedBunchingElasticity",35,0.0969
"ObservedBunchingElasticity",36,0.086
"ObservedBunchingElasticity",37,0.056
"ObservedBunchingElasticity",38,0.0896
"ObservedBunchingElasticity",39,0.0969
"ObservedBunchingElasticity",40,0.0712
"ObservedBunchingElasticity",41,0.1354
"ObservedBunchingElasticity",42,0.0522
"ObservedBunchingElasticity",43,0.104
"ObservedBunchingElasticity",44,0.1718
"ObservedBunchingElasticity",45,0.1181
"ObservedBunchingElasticity",46,0.0896
"ObservedBunchingElasticity",47,0.0674
"ObservedBunchingElasticity",48,0.0786
"ObservedBunchingElasticity",49,0.0969
"ObservedBunchingElasticity",50,0.1004
"ObservedBunchingElasticity",51,0.1718
"ObservedBunchingElasticity",52,0.086
"ObservedBunchingElasticity",53,0.0823
"ObservedBunchingElasticity",54,0.0712
"ObservedBunchingElasticity",55,0.1181
"ObservedBunchingElasticity",56,0.1146
"ObservedBunchingElasticity",57,0.0366
"ObservedBunchingElasticity",58,0.056
"ObservedBunchingElasticity",59,0.0444
"ObservedBunchingElasticity",60,0.0637
"ObservedBunchingElasticity",61,0.0969
"ObservedBunchingElasticity",62,0.0522
"ObservedBunchingElasticity",63,0.0326
"ObservedBunchingElasticity",64,0.1251
"ObservedBunchingElasticity",65,0.0247
"ObservedBunchingElasticity",66,0.0674
"ObservedBunchingElasticity",67,0.0749
"ObservedBunchingElasticity",68,0.0247
"ObservedBunchingElasticity",69,0.1111
"ObservedBunchingElasticity",70,0.1387
"ObservedBunchingElasticity",71,0.0786
"ObservedBunchingElasticity",72,0.104
"ObservedBunchingElasticity",73,0.0522
"ObservedBunchingElasticity",74,0.0749
"ObservedBunchingElasticity",75,0.0969
"ObservedBunchingElasticity",76,0.0637
"ObservedBunchingElasticity",77,0.0786
"ObservedBunchingElasticity",78,0.1111
"ObservedBunchingElasticity",79,0.056
"ObservedBunchingElasticity",80,0.086
"ObservedBunchingElasticity",81,0.0444
"ObservedBunchingElasticity",82,0.056
"ObservedBunchingElasticity",83,0.0366
"ObservedBunchingElasticity",84,0.0405
"ObservedBunchingElasticity",85,0.0749
"ObservedBunchingElasticity",86,0.0326
"ObservedBunchingElasticity",87,0.1251
"ObservedBunchingElasticity",88,0.194
"ObservedBunchingElasticity",89,0.104
"ObservedBunchingElasticity",90,0.3538
"ObservedBunchingElasticity",91,0.194
"ObservedBunchingElasticity",92,0.0712
"ObservedBunchingElasticity",93,0.056
"ObservedBunchingElasticity",94,0.0405
"ObservedBunchingElasticity",95,0.175
"ObservedBunchingElasticity",96,0.0969
"ObservedBunchingElasticity",97,0.2002
"ObservedBunchingElasticity",98,0.1455
"ObservedBunchingElasticity",99,0.0637
"ObservedBunchingElasticity",100,0.1285
"ObservedBunchingElasticity",101,0.0286
"ObservedBunchingElasticity",102,0.1004
"ObservedBunchingElasticity",103,0.0405
"ObservedBunchingElasticity",104,0.0896
"ObservedBunchingElasticity",105,0.0933
"ObservedBunchingElasticity",106,0.0749
"ObservedBunchingElasticity",107,0.0712
"ObservedBunchingElasticity",108,0.0786
"ObservedBunchingElasticity",109,0.0637
"ObservedBunchingElasticity",110,0.0444
"ObservedBunchingElasticity",111,0.0326
"ObservedBunchingElasticity",112,0.3563
"ObservedBunchingElasticity",113,0.0599
"ObservedBunchingElasticity",114,0.0712
"ObservedBunchingElasticity",115,0.0896
"ObservedBunchingElasticity",116,0.1285
"ObservedBunchingElasticity",117,0.0712
"ObservedBunchingElasticity",118,0.0933
"ObservedBunchingElasticity",119,0.0206
"ObservedBunchingElasticity",120,0.0749
"ObservedBunchingElasticity",121,0.0749
"ObservedBunchingElasticity",122,0.2482
"ObservedBunchingElasticity",123,0.086
"ObservedBunchingElasticity",124,0.1146
"ObservedBunchingElasticity",125,0.0823
"ObservedBunchingElasticity",126,0.0286
"ObservedBunchingElasticity",127,0.0599
"ObservedBunchingElasticity",128,0.2186
"ObservedBunchingElasticity",129,0.0749
"ObservedBunchingElasticity",130,0.0712
"ObservedBunchingElasticity",131,0.056
"ObservedBunchingElasticity",132,0.3563
"ObservedBunchingElasticity",133,0.0712
"ObservedBunchingElasticity",134,0.0483
"ObservedBunchingElasticity",135,0.1181
"ObservedBunchingElasticity",136,0.0969
"ObservedBunchingElasticity",137,0.086
"ObservedBunchingElasticity",138,0.0969
"ObservedBunchingElasticity",139,0.0599
"ObservedBunchingElasticity",140,0.086
"ObservedBunchingElasticity",141,0.0969
"ObservedBunchingElasticity",142,0.1216
"ObservedBunchingElasticity",143,0.175
"ObservedBunchingElasticity",144,0.0786
"ObservedBunchingElasticity",145,0.0786
"ObservedBunchingElasticity",146,0.0483
"ObservedBunchingElasticity",147,0.0969
"ObservedBunchingElasticity",148,0.0206
"ObservedBunchingElasticity",149,0.0522
"ObservedBunchingElasticity",150,0.056
"ObservedBunchingElasticity",151,0.086
"ObservedBunchingElasticity",152,0.1216
"ObservedBunchingElasticity",153,0.0483
"ObservedBunchingElasticity",154,0.0933
"ObservedBunchingElasticity",155,0.0483
"ObservedBunchingElasticity",156,0.0786
"ObservedBunchingElasticity",157,0.0326
"ObservedBunchingElasticity",158,0.0823
"ObservedBunchingElasticity",159,0.0326
"ObservedBunchingElasticity",160,0.1782
"ObservedBunchingElasticity",161,0.0749
"ObservedBunchingElasticity",162,0.0749
"ObservedBunchingElasticity",163,0.0366
"ObservedBunchingElasticity",164,0.1216
"ObservedBunchingElasticity",165,0.0599
"ObservedBunchingElasticity",166,0.0637
"ObservedBunchingElasticity",167,0.1181
"ObservedBunchingElasticity",168,0.0326
"ObservedBunchingElasticity",169,0.0637
"ObservedBunchingElasticity",170,0.0637
"ObservedBunchingElasticity",171,0.1216
"ObservedBunchingElasticity",172,0.0444
"ObservedBunchingElasticity",173,0.0637
"ObservedBunchingElasticity",174,0.0637
"ObservedBunchingElasticity",175,0.0786
"ObservedBunchingElasticity",176,0.0786
"ObservedBunchingElasticity",177,0.0896
"ObservedBunchingElasticity",178,0.1319
"ObservedBunchingElasticity",179,0.2796
"ObservedBunchingElasticity",180,0.0896
"ObservedBunchingElasticity",181,0.1319
"ObservedBunchingElasticity",182,0.0637
"ObservedBunchingElasticity",183,0.0366
"ObservedBunchingElasticity",184,0.0599
"ObservedBunchingElasticity",185,0.0206
"ObservedBunchingElasticity",186,0.1455
"ObservedBunchingElasticity",187,0.1075
"ObservedBunchingElasticity",188,0.0444
"ObservedBunchingElasticity",189,0.0637
"ObservedBunchingElasticity",190,0.056
"ObservedBunchingElasticity",191,0.0674
"ObservedBunchingElasticity",192,0.0599
"ObservedBunchingElasticity",193,0.2425
"ObservedBunchingElasticity",194,0.0786
"ObservedBunchingElasticity",195,0.0786
"ObservedBunchingElasticity",196,0.104
"ObservedBunchingElasticity",197,0.0522
"ObservedBunchingElasticity",198,0.1075
"ObservedBunchingElasticity",199,0.0712
"ObservedBunchingElasticity",200,0.0366
"ObservedBunchingElasticity",201,0.086
"ObservedBunchingElasticity",202,0.0247
"ObservedBunchingElasticity",203,0.0896
"ObservedBunchingElasticity",204,0.1387
"ObservedBunchingElasticity",205,0.0896
"ObservedBunchingElasticity",206,0.0206
"ObservedBunchingElasticity",207,0.0286
"ObservedBunchingElasticity",208,0.1319
"ObservedBunchingElasticity",209,0.1387
"ObservedBunchingElasticity",210,0.1181
"ObservedBunchingElasticity",211,0.0599
"ObservedBunchingElasticity",212,0.0637
"ObservedBunchingElasticity",213,0.1251
"ObservedBunchingElasticity",214,0.056
"ObservedBunchingElasticity",215,0.1685
"ObservedBunchingElasticity",216,0.1319
"ObservedBunchingElasticity",217,0.0969
"ObservedBunchingElasticity",218,0.0823
"ObservedBunchingElasticity",219,0.086
"ObservedBunchingElasticity",220,0.0969
"ObservedBunchingElasticity",221,0.0125
"ObservedBunchingElasticity",222,0.0366
"ObservedBunchingElasticity",223,0.1004
"ObservedBunchingElasticity",224,0.0599
"ObservedBunchingElasticity",225,0.0933
"ObservedBunchingElasticity",226,0.0674
"ObservedBunchingElasticity",227,0.0712
"ObservedBunchingElasticity",228,0.0483
"ObservedBunchingElasticity",229,0.0823
"ObservedBunchingElasticity",230,0.1685
"ObservedBunchingElasticity",231,0.0674
"ObservedBunchingElasticity",232,0.0286
"ObservedBunchingElasticity",233,0.1075
"ObservedBunchingElasticity",234,0.0444
"ObservedBunchingElasticity",235,0.0165
"ObservedBunchingElasticity",236,0.0444
"ObservedBunchingElasticity",237,0.0483
"ObservedBunchingElasticity",238,0.0969
"ObservedBunchingElasticity",239,0.0712
"ObservedBunchingElasticity",240,0.0674
"ObservedBunchingElasticity",241,0.0712
"ObservedBunchingElasticity",242,0.0896
"ObservedBunchingElasticity",243,0.0749
"ObservedBunchingElasticity",244,0.0969
"ObservedBunchingElasticity",245,0.0712
"ObservedBunchingElasticity",246,0.0712
"ObservedBunchingElasticity",247,0.1421
"ObservedBunchingElasticity",248,0.0896
"ObservedBunchingElasticity",249,0.2365
"ObservedBunchingElasticity",250,0.0637
"ObservedBunchingElasticity",251,0.0786
"ObservedBunchingElasticity",252,0.1782
"ObservedBunchingElasticity",253,0.2306
"ObservedBunchingElasticity",254,0.0933
"ObservedBunchingElasticity",255,0.0522
"ObservedBunchingElasticity",256,0.086
"ObservedBunchingElasticity",257,0.0896
"ObservedBunchingElasticity",258,0.104
"ObservedBunchingElasticity",259,0.0483
"ObservedBunchingElasticity",260,0.0969
"ObservedBunchingElasticity",261,0.0896
"ObservedBunchingElasticity",262,0.0896
"ObservedBunchingElasticity",263,0.1111
"ObservedBunchingElasticity",264,0.0674
"ObservedBunchingElasticity",265,0.0366
"ObservedBunchingElasticity",266,0.0896
"ObservedBunchingElasticity",267,0.0896
"ObservedBunchingElasticity",268,0.0749
"ObservedBunchingElasticity",269,0.0522
"ObservedBunchingElasticity",270,0.0405
"ObservedBunchingElasticity",271,0.0483
"ObservedBunchingElasticity",272,0.1587
"ObservedBunchingElasticity",273,0.1251
"ObservedBunchingElasticity",274,0.0749
"ObservedBunchingElasticity",275,0.0599
"ObservedBunchingElasticity",276,0.0444
"ObservedBunchingElasticity",277,0.0712
"ObservedBunchingElasticity",278,0.0637
"ObservedBunchingElasticity",279,0.1075
"ObservedBunchingElasticity",280,0.2425
"ObservedBunchingElasticity",281,0.0823
"ObservedBunchingElasticity",282,0.1004
"ObservedBunchingElasticity",283,0.0599
"ObservedBunchingElasticity",284,0.0823
"ObservedBunchingElasticity",285,0.0969
"ObservedBunchingElasticity",286,0.0786
"ObservedBunchingElasticity",287,0.0712
"ObservedBunchingElasticity",288,0.0637
"ObservedBunchingElasticity",289,0.0749
"ObservedBunchingElasticity",290,0.0522
"ObservedBunchingElasticity",291,0.175
"ObservedBunchingElasticity",292,0.0969
"ObservedBunchingElasticity",293,0.0749
"ObservedBunchingElasticity",294,0.056
"ObservedBunchingElasticity",295,0.0247
"ObservedBunchingElasticity",296,0.0969
"ObservedBunchingElasticity",297,0.1319
"ObservedBunchingElasticity",298,0.0637
"ObservedBunchingElasticity",299,0.0823
"ObservedBunchingElasticity",300,0.0749
"ObservedBunchingElasticity",301,0.0896
"ObservedBunchingElasticity",302,0.2064
"ObservedBunchingElasticity",303,0.0637
"ObservedBunchingElasticity",304,0.056
"ObservedBunchingElasticity",305,0.0326
"ObservedBunchingElasticity",306,0
"ObservedBunchingElasticity",307,0.0366
"ObservedBunchingElasticity",308,0.0637
"ObservedBunchingElasticity",309,0.0522
"ObservedBunchingElasticity",310,0.0933
"ObservedBunchingElasticity",311,0.1285
"ObservedBunchingElasticity",312,0.0599
"ObservedBunchingElasticity",313,0.0637
"ObservedBunchingElasticity",314,0.0749
"ObservedBunchingElasticity",315,0.0674
"ObservedBunchingElasticity",316,0.0749
"ObservedBunchingElasticity",317,0.1251
"ObservedBunchingElasticity",318,0.0483
"ObservedBunchingElasticity",319,0.0823
"ObservedBunchingElasticity",320,0.1782
"ObservedBunchingElasticity",321,0.0483
"ObservedBunchingElasticity",322,0.0326
"ObservedBunchingElasticity",323,0.0823
"ObservedBunchingElasticity",324,0.056
"ObservedBunchingElasticity",325,0.0326
"ObservedBunchingElasticity",326,0.1181
"ObservedBunchingElasticity",327,0.0674
"ObservedBunchingElasticity",328,0.0969
"ObservedBunchingElasticity",329,0
"ObservedBunchingElasticity",330,0.0599
"ObservedBunchingElasticity",331,0.1111
"ObservedBunchingElasticity",332,0.0969
"ObservedBunchingElasticity",333,0.2365
"ObservedBunchingElasticity",334,0.1216
"ObservedBunchingElasticity",335,0.0405
"ObservedBunchingElasticity",336,0.0444
"ObservedBunchingElasticity",337,0.104
"ObservedBunchingElasticity",338,0.175
"ObservedBunchingElasticity",339,0.0326
"ObservedBunchingElasticity",340,0.0326
"ObservedBunchingElasticity",341,0.056
"ObservedBunchingElasticity",342,0.0405
"ObservedBunchingElasticity",343,0.0712
"ObservedBunchingElasticity",344,0.086
"ObservedBunchingElasticity",345,0.1216
"ObservedBunchingElasticity",346,0.0786
"ObservedBunchingElasticity",347,0.3538
"ObservedBunchingElasticity",348,0.0637
"ObservedBunchingElasticity",349,0.0712
"ObservedBunchingElasticity",350,0.0712
"ObservedBunchingElasticity",351,0.104
"ObservedBunchingElasticity",352,0.0444
"ObservedBunchingElasticity",353,0.2034
"ObservedBunchingElasticity",354,0.056
"ObservedBunchingElasticity",355,0.1285
"ObservedBunchingElasticity",356,0.0786
"ObservedBunchingElasticity",357,0.104
"ObservedBunchingElasticity",358,0.0599
"ObservedBunchingElasticity",359,0.0933
"ObservedBunchingElasticity",360,0.1455
"ObservedBunchingElasticity",361,0.2336
"ObservedBunchingElasticity",362,0.0444
"ObservedBunchingElasticity",363,0
"ObservedBunchingElasticity",364,0.1075
"ObservedBunchingElasticity",365,0.0522
"ObservedBunchingElasticity",366,0.0786
"ObservedBunchingElasticity",367,0.0522
"ObservedBunchingElasticity",368,0.0749
"ObservedBunchingElasticity",369,0.0637
"ObservedBunchingElasticity",370,0.1251
"ObservedBunchingElasticity",371,0.1285
"ObservedBunchingElasticity",372,0.1909
"ObservedBunchingElasticity",373,0.0749
"ObservedBunchingElasticity",374,0.1285
"ObservedBunchingElasticity",375,0.0522
"ObservedBunchingElasticity",376,0.2482
"ObservedBunchingElasticity",377,0.0444
"ObservedBunchingElasticity",378,0.0483
"ObservedBunchingElasticity",379,0.0933
"ObservedBunchingElasticity",380,0.0786
"ObservedBunchingElasticity",381,0.0674
"ObservedBunchingElasticity",382,0.0749
"ObservedBunchingElasticity",383,0.2002
"ObservedBunchingElasticity",384,0.0786
"ObservedBunchingElasticity",385,0.0366
"ObservedBunchingElasticity",386,0.1652
"ObservedBunchingElasticity",387,0.0405
"ObservedBunchingElasticity",388,0.0483
"ObservedBunchingElasticity",389,0.1004
"ObservedBunchingElasticity",390,0.1285
"ObservedBunchingElasticity",391,0.2002
"ObservedBunchingElasticity",392,0.086
"ObservedBunchingElasticity",393,0.1075
"ObservedBunchingElasticity",394,0.1181
"ObservedBunchingElasticity",395,0.0637
"ObservedBunchingElasticity",396,0.1075
"ObservedBunchingElasticity",397,0.056
"ObservedBunchingElasticity",398,0.1216
"ObservedBunchingElasticity",399,0.0165
"ObservedBunchingElasticity",400,0.0823
"ObservedBunchingElasticity",401,0.0165
"ObservedBunchingElasticity",402,0
"ObservedBunchingElasticity",403,0.0366
"ObservedBunchingElasticity",404,0.0366
"ObservedBunchingElasticity",405,0.0823
"ObservedBunchingElasticity",406,0.0896
"ObservedBunchingElasticity",407,0.0786
"ObservedBunchingElasticity",408,0.056
"ObservedBunchingElasticity",409,0.0599
"ObservedBunchingElasticity",410,0.1319
"ObservedBunchingElasticity",411,0.086
"ObservedBunchingElasticity",412,0.0366
"ObservedBunchingElasticity",413,0.0599
"ObservedBunchingElasticity",414,0.1251
"ObservedBunchingElasticity",415,0.0712
"ObservedBunchingElasticity",416,0.0786
"ObservedBunchingElasticity",417,0.0674
"ObservedBunchingElasticity",418,0.0405
"ObservedBunchingElasticity",419,0.086
"ObservedBunchingElasticity",420,0.104
"ObservedBunchingElasticity",421,0.0522
"ObservedBunchingElasticity",422,0.0674
"ObservedBunchingElasticity",423,0.0522
"ObservedBunchingElasticity",424,0.0786
"ObservedBunchingElasticity",425,0.2002
"ObservedBunchingElasticity",426,0.0522
"ObservedBunchingElasticity",427,0.0326
"ObservedBunchingElasticity",428,0.1319
"ObservedBunchingElasticity",429,0.1652
"ObservedBunchingElasticity",430,0.0969
"ObservedBunchingElasticity",431,0.0366
"ObservedBunchingElasticity",432,0.0749
"ObservedBunchingElasticity",433,0.0969
"ObservedBunchingElasticity",434,0.056
"ObservedBunchingElasticity",435,0.0712
"ObservedBunchingElasticity",436,0.1216
"ObservedBunchingElasticity",437,0.0444
"ObservedBunchingElasticity",438,0.0674
"ObservedBunchingElasticity",439,0.0326
"ObservedBunchingElasticity",440,0.1075
"ObservedBunchingElasticity",441,0.3513
"ObservedBunchingElasticity",442,0.0637
"ObservedBunchingElasticity",443,0.1181
"ObservedBunchingElasticity",444,0.0483
"ObservedBunchingElasticity",445,0.0206
"ObservedBunchingElasticity",446,0.0637
"ObservedBunchingElasticity",447,0.0483
"ObservedBunchingElasticity",448,0.162
"ObservedBunchingElasticity",449,0.0749
"ObservedBunchingElasticity",450,0.1971
"ObservedBunchingElasticity",451,0.0896
"ObservedBunchingElasticity",452,0.0326
"ObservedBunchingElasticity",453,0.1216
"ObservedBunchingElasticity",454,0.0749
"ObservedBunchingElasticity",455,0.1111
"ObservedBunchingElasticity",456,0.3563
"ObservedBunchingElasticity",457,0.3563
"ObservedBunchingElasticity",458,0.0823
"ObservedBunchingElasticity",459,0.0326
"ObservedBunchingElasticity",460,0.086
"ObservedBunchingElasticity",461,0.0969
"ObservedBunchingElasticity",462,0.1004
"ObservedBunchingElasticity",463,0.056
"ObservedBunchingElasticity",464,0.0483
"ObservedBunchingElasticity",465,0.1587
"ObservedBunchingElasticity",466,0.0674
"ObservedBunchingElasticity",467,0.1111
"ObservedBunchingElasticity",468,0.0326
"ObservedBunchingElasticity",469,0.0749
"ObservedBunchingElasticity",470,0.1004
"ObservedBunchingElasticity",471,0.1251
"ObservedBunchingElasticity",472,0.2395
"ObservedBunchingElasticity",473,0.0522
"ObservedBunchingElasticity",474,0.1216
"ObservedBunchingElasticity",475,0.1216
"ObservedBunchingElasticity",476,0.2095
"ObservedBunchingElasticity",477,0.0786
"ObservedBunchingElasticity",478,0.0712
"ObservedBunchingElasticity",479,0.1075
"ObservedBunchingElasticity",480,0.0326
"ObservedBunchingElasticity",481,0.104
"ObservedBunchingElasticity",482,0.0599
"ObservedBunchingElasticity",483,0.0674
"ObservedBunchingElasticity",484,0.0712
"ObservedBunchingElasticity",485,0.0522
"ObservedBunchingElasticity",486,0.0823
"ObservedBunchingElasticity",487,0.2453
"ObservedBunchingElasticity",488,0.0933
"ObservedBunchingElasticity",489,0.0637
"ObservedBunchingElasticity",490,0.0326
"ObservedBunchingElasticity",491,0.2395
"ObservedBunchingElasticity",492,0.0749
"ObservedBunchingElasticity",493,0
"ObservedBunchingElasticity",494,0.1782
"ObservedBunchingElasticity",495,0.0637
"ObservedBunchingElasticity",496,0.0969
"ObservedBunchingElasticity",497,0.1216
"ObservedBunchingElasticity",498,0.1251
"ObservedBunchingElasticity",499,0.0969
"ObservedBunchingElasticity",500,0.1004
"StructuralElasticity",1,0.2539
"StructuralElasticity",2,0.4543
"StructuralElasticity",3,0.315
"StructuralElasticity",4,0.2539
"StructuralElasticity",5,0.3732
"StructuralElasticity",6,0.2644
"StructuralElasticity",7,0.2388
"StructuralElasticity",8,0.2604
"StructuralElasticity",9,0.1698
"StructuralElasticity",10,0.2489
"StructuralElasticity",11,0.2655
"StructuralElasticity",12,0.2384
"StructuralElasticity",13,0.2307
"StructuralElasticity",14,0.2635
"StructuralElasticity",15,0.2687
"StructuralElasticity",16,0.2773
"StructuralElasticity",17,0.5322
"StructuralElasticity",18,0.2834
"StructuralElasticity",19,0.3902
"StructuralElasticity",20,0.2374
"StructuralElasticity",21,0.2623
"StructuralElasticity",22,0.4542
"StructuralElasticity",23,0.7193
"StructuralElasticity",24,0.2796
"StructuralElasticity",25,0.282
"StructuralElasticity",26,0.2241
"StructuralElasticity",27,0.2397
"StructuralElasticity",28,0.2554
"StructuralElasticity",29,0.2555
"StructuralElasticity",30,0.268
"StructuralElasticity",31,0.3056
"StructuralElasticity",32,0.4035
"StructuralElasticity",33,0.2852
"StructuralElasticity",34,0.2654
"StructuralElasticity",35,0.2986
"StructuralElasticity",36,0.2778
"StructuralElasticity",37,0.2235
"StructuralElasticity",38,0.2855
"StructuralElasticity",39,0.2955
"StructuralElasticity",40,0.257
"StructuralElasticity",41,0.3428
"StructuralElasticity",42,0.2367
"StructuralElasticity",43,0.3012
"StructuralElasticity",44,0.3936
"StructuralElasticity",45,0.3193
"StructuralElasticity",46,0.2944
"StructuralElasticity",47,0.2522
"StructuralElasticity",48,0.2797
"StructuralElasticity",49,0.281
"StructuralElasticity",50,0.2946
"StructuralElasticity",51,0.384
"StructuralElasticity",52,0.2866
"StructuralElasticity",53,0.2747
"StructuralElasticity",54,0.2642
"StructuralElasticity",55,0.3104
"StructuralElasticity",56,0.3234
"StructuralElasticity",57,0.2132
"StructuralElasticity",58,0.2304
"StructuralElasticity",59,0.2074
"StructuralElasticity",60,0.2461
"StructuralElasticity",61,0.2989
"StructuralElasticity",62,0.2243
"StructuralElasticity",63,0.1944
"StructuralElasticity",64,0.3305
"StructuralElasticity",65,0.1975
"StructuralElasticity",66,0.2609
"StructuralElasticity",67,0.2691
"StructuralElasticity",68,0.1805
"StructuralElasticity",69,0.3162
"StructuralElasticity",70,0.3425
"StructuralElasticity",71,0.2584
"StructuralElasticity",72,0.2955
"StructuralElasticity",73,0.2379
"StructuralElasticity",74,0.2693
"StructuralElasticity",75,0.2858
"StructuralElasticity",76,0.2441
"StructuralElasticity",77,0.2701
"StructuralElasticity",78,0.3204
"StructuralElasticity",79,0.2319
"StructuralElasticity",80,0.2837
"StructuralElasticity",81,0.2321
"StructuralElasticity",82,0.2479
"StructuralElasticity",83,0.2141
"StructuralElasticity",84,0.2172
"StructuralElasticity",85,0.2678
"StructuralElasticity",86,0.207
"StructuralElasticity",87,0.3248
"StructuralElasticity",88,0.4285
"StructuralElasticity",89,0.3036
"StructuralElasticity",90,0.6613
"StructuralElasticity",91,0.4436
"StructuralElasticity",92,0.2617
"StructuralElasticity",93,0.237
"StructuralElasticity",94,0.2011
"StructuralElasticity",95,0.4078
"StructuralElasticity",96,0.2916
"StructuralElasticity",97,0.4442
"StructuralElasticity",98,0.3673
"StructuralElasticity",99,0.2477
"StructuralElasticity",100,0.3364
"StructuralElasticity",101,0.1975
"StructuralElasticity",102,0.2956
"StructuralElasticity",103,0.2231
"StructuralElasticity",104,0.3006
"StructuralElasticity",105,0.3041
"StructuralElasticity",106,0.2682
"StructuralElasticity",107,0.2627
"StructuralElasticity",108,0.2771
"StructuralElasticity",109,0.2472
"StructuralElasticity",110,0.228
"StructuralElasticity",111,0.2064
"StructuralElasticity",112,0.4845
"StructuralElasticity",113,0.2494
"StructuralElasticity",114,0.246
"StructuralElasticity",115,0.2852
"StructuralElasticity",116,0.3331
"StructuralElasticity",117,0.2601
"StructuralElasticity",118,0.2788
"StructuralElasticity",119,0.1791
"StructuralElasticity",120,0.2592
"StructuralElasticity",121,0.2724
"StructuralElasticity",122,0.5031
"StructuralElasticity",123,0.2821
"StructuralElasticity",124,0.3292
"StructuralElasticity",125,0.2762
"StructuralElasticity",126,0.2066
"StructuralElasticity",127,0.2547
"StructuralElasticity",128,0.4822
"StructuralElasticity",129,0.2672
"StructuralElasticity",130,0.2445
"StructuralElasticity",131,0.2532
"StructuralElasticity",132,0.4017
"StructuralElasticity",133,0.2635
"StructuralElasticity",134,0.226
"StructuralElasticity",135,0.3288
"StructuralElasticity",136,0.2923
"StructuralElasticity",137,0.2663
"StructuralElasticity",138,0.2968
"StructuralElasticity",139,0.2559
"StructuralElasticity",140,0.2911
"StructuralElasticity",141,0.2825
"StructuralElasticity",142,0.333
"StructuralElasticity",143,0.3957
"StructuralElasticity",144,0.277
"StructuralElasticity",145,0.2774
"StructuralElasticity",146,0.239
"StructuralElasticity",147,0.2986
"StructuralElasticity",148,0.1862
"StructuralElasticity",149,0.2202
"StructuralElasticity",150,0.2391
"StructuralElasticity",151,0.2629
"StructuralElasticity",152,0.3347
"StructuralElasticity",153,0.2136
"StructuralElasticity",154,0.2909
"StructuralElasticity",155,0.2176
"StructuralElasticity",156,0.2787
"StructuralElasticity",157,0.1898
"StructuralElasticity",158,0.2683
"StructuralElasticity",159,0.2025
"StructuralElasticity",160,0.4205
"StructuralElasticity",161,0.2722
"StructuralElasticity",162,0.2605
"StructuralElasticity",163,0.2078
"StructuralElasticity",164,0.3168
"StructuralElasticity",165,0.2529
"StructuralElasticity",166,0.2377
"StructuralElasticity",167,0.3273
"StructuralElasticity",168,0.1807
"StructuralElasticity",169,0.2443
"StructuralElasticity",170,0.2387
"StructuralElasticity",171,0.3416
"StructuralElasticity",172,0.2182
"StructuralElasticity",173,0.2329
"StructuralElasticity",174,0.247
"StructuralElasticity",175,0.2566
"StructuralElasticity",176,0.2743
"StructuralElasticity",177,0.287
"StructuralElasticity",178,0.336
"StructuralElasticity",179,0.536
"StructuralElasticity",180,0.2875
"StructuralElasticity",181,0.3625
"StructuralElasticity",182,0.2492
"StructuralElasticity",183,0.2031
"StructuralElasticity",184,0.239
"StructuralElasticity",185,0.188
"StructuralElasticity",186,0.3682
"StructuralElasticity",187,0.308
"StructuralElasticity",188,0.2142
"StructuralElasticity",189,0.252
"StructuralElasticity",190,0.2466
"StructuralElasticity",191,0.2643
"StructuralElasticity",192,0.244
"StructuralElasticity",193,0.5242
"StructuralElasticity",194,0.2728
"StructuralElasticity",195,0.27
"StructuralElasticity",196,0.3151
"StructuralElasticity",197,0.244
"StructuralElasticity",198,0.3204
"StructuralElasticity",199,0.2602
"StructuralElasticity",200,0.196
"StructuralElasticity",201,0.2758
"StructuralElasticity",202,0.1997
"StructuralElasticity",203,0.2978
"StructuralElasticity",204,0.3623
"StructuralElasticity",205,0.266
"StructuralElasticity",206,0.1811
"StructuralElasticity",207,0.1927
"StructuralElasticity",208,0.3621
"StructuralElasticity",209,0.3701
"StructuralElasticity",210,0.3185
"StructuralElasticity",211,0.247
"StructuralElasticity",212,0.2691
"StructuralElasticity",213,0.3288
"StructuralElasticity",214,0.2309
"StructuralElasticity",215,0.4114
"StructuralElasticity",216,0.343
"StructuralElasticity",217,0.2882
"StructuralElasticity",218,0.2794
"StructuralElasticity",219,0.2918
"StructuralElasticity",220,0.2869
"StructuralElasticity",221,0.1812
"StructuralElasticity",222,0.2192
"StructuralElasticity",223,0.2983
"StructuralElasticity",224,0.2478
"StructuralElasticity",225,0.2832
"StructuralElasticity",226,0.2527
"StructuralElasticity",227,0.2672
"StructuralElasticity",228,0.2184
"StructuralElasticity",229,0.2817
"StructuralElasticity",230,0.3857
"StructuralElasticity",231,0.2487
"StructuralElasticity",232,0.205
"StructuralElasticity",233,0.3179
"StructuralElasticity",234,0.2086
"StructuralElasticity",235,0.1843
"StructuralElasticity",236,0.2308
"StructuralElasticity",237,0.215
"StructuralElasticity",238,0.29
"StructuralElasticity",239,0.2751
"StructuralElasticity",240,0.2429
"StructuralElasticity",241,0.2513
"StructuralElasticity",242,0.3003
"StructuralElasticity",243,0.2553
"StructuralElasticity",244,0.3073
"StructuralElasticity",245,0.2551
"StructuralElasticity",246,0.2523
"StructuralElasticity",247,0.3499
"StructuralElasticity",248,0.2703
"StructuralElasticity",249,0.5006
"StructuralElasticity",250,0.2403
"StructuralElasticity",251,0.2691
"StructuralElasticity",252,0.4119
"StructuralElasticity",253,0.4775
"StructuralElasticity",254,0.2986
"StructuralElasticity",255,0.2398
"StructuralElasticity",256,0.2839
"StructuralElasticity",257,0.2906
"StructuralElasticity",258,0.3054
"StructuralElasticity",259,0.2153
"StructuralElasticity",260,0.3036
"StructuralElasticity",261,0.2844
"StructuralElasticity",262,0.2917
"StructuralElasticity",263,0.3357
"StructuralElasticity",264,0.2426
"StructuralElasticity",265,0.2083
"StructuralElasticity",266,0.2921
"StructuralElasticity",267,0.2831
"StructuralElasticity",268,0.2593
"StructuralElasticity",269,0.237
"StructuralElasticity",270,0.2241
"StructuralElasticity",271,0.2219
"StructuralElasticity",272,0.3874
"StructuralElasticity",273,0.3228
"StructuralElasticity",274,0.2533
"StructuralElasticity",275,0.2381
"StructuralElasticity",276,0.2227
"StructuralElasticity",277,0.2581
"StructuralElasticity",278,0.2366
"StructuralElasticity",279,0.3089
"StructuralElasticity",280,0.4735
"StructuralElasticity",281,0.2718
"StructuralElasticity",282,0.3038
"StructuralElasticity",283,0.2371
"StructuralElasticity",284,0.2639
"StructuralElasticity",285,0.2895
"StructuralElasticity",286,0.2728
"StructuralElasticity",287,0.2647
"StructuralElasticity",288,0.2476
"StructuralElasticity",289,0.2712
"StructuralElasticity",290,0.2316
"StructuralElasticity",291,0.3933
"StructuralElasticity",292,0.284
"StructuralElasticity",293,0.2628
"StructuralElasticity",294,0.2335
"StructuralElasticity",295,0.1989
"StructuralElasticity",296,0.2881
"StructuralElasticity",297,0.3515
"StructuralElasticity",298,0.2399
"StructuralElasticity",299,0.2707
"StructuralElasticity",300,0.2748
"StructuralElasticity",301,0.2648
"StructuralElasticity",302,0.4521
"StructuralElasticity",303,0.2326
"StructuralElasticity",304,0.2491
"StructuralElasticity",305,0.1922
"StructuralElasticity",306,0.164
"StructuralElasticity",307,0.1909
"StructuralElasticity",308,0.244
"StructuralElasticity",309,0.2251
"StructuralElasticity",310,0.2929
"StructuralElasticity",311,0.3331
"StructuralElasticity",312,0.231
"StructuralElasticity",313,0.2461
"StructuralElasticity",314,0.2684
"StructuralElasticity",315,0.233
"StructuralElasticity",316,0.2558
"StructuralElasticity",317,0.3266
"StructuralElasticity",318,0.2256
"StructuralElasticity",319,0.2716
"StructuralElasticity",320,0.4157
"StructuralElasticity",321,0.2301
"StructuralElasticity",322,0.1917
"StructuralElasticity",323,0.2555
"StructuralElasticity",324,0.2397
"StructuralElasticity",325,0.2017
"StructuralElasticity",326,0.3069
"StructuralElasticity",327,0.2628
"StructuralElasticity",328,0.2952
"StructuralElasticity",329,0.1802
"StructuralElasticity",330,0.2452
"StructuralElasticity",331,0.3273
"StructuralElasticity",332,0.3039
"StructuralElasticity",333,0.4689
"StructuralElasticity",334,0.3283
"StructuralElasticity",335,0.2107
"StructuralElasticity",336,0.2093
"StructuralElasticity",337,0.2898
"StructuralElasticity",338,0.4119
"StructuralElasticity",339,0.2066
"StructuralElasticity",340,0.1878
"StructuralElasticity",341,0.2321
"StructuralElasticity",342,0.231
"StructuralElasticity",343,0.2486
"StructuralElasticity",344,0.2837
"StructuralElasticity",345,0.3272
"StructuralElasticity",346,0.2689
"StructuralElasticity",347,0.4399
"StructuralElasticity",348,0.2399
"StructuralElasticity",349,0.2591
"StructuralElasticity",350,0.2606
"StructuralElasticity",351,0.2978
"StructuralElasticity",352,0.211
"StructuralElasticity",353,0.4445
"StructuralElasticity",354,0.2341
"StructuralElasticity",355,0.3367
"StructuralElasticity",356,0.2658
"StructuralElasticity",357,0.3042
"StructuralElasticity",358,0.242
"StructuralElasticity",359,0.2816
"StructuralElasticity",360,0.3618
"StructuralElasticity",361,0.4789
"StructuralElasticity",362,0.2467
"StructuralElasticity",363,0.1702
"StructuralElasticity",364,0.3264
"StructuralElasticity",365,0.2357
"StructuralElasticity",366,0.2788
"StructuralElasticity",367,0.2269
"StructuralElasticity",368,0.2607
"StructuralElasticity",369,0.2519
"StructuralElasticity",370,0.3449
"StructuralElasticity",371,0.3366
"StructuralElasticity",372,0.4329
"StructuralElasticity",373,0.2574
"StructuralElasticity",374,0.3334
"StructuralElasticity",375,0.2274
"StructuralElasticity",376,0.5024
"StructuralElasticity",377,0.2236
"StructuralElasticity",378,0.2218
"StructuralElasticity",379,0.2761
"StructuralElasticity",380,0.2733
"StructuralElasticity",381,0.2683
"StructuralElasticity",382,0.2671
"StructuralElasticity",383,0.4279
"StructuralElasticity",384,0.2634
"StructuralElasticity",385,0.2131
"StructuralElasticity",386,0.3762
"StructuralElasticity",387,0.2191
"StructuralElasticity",388,0.2061
"StructuralElasticity",389,0.3138
"StructuralElasticity",390,0.3449
"StructuralElasticity",391,0.4468
"StructuralElasticity",392,0.2828
"StructuralElasticity",393,0.2933
"StructuralElasticity",394,0.3356
"StructuralElasticity",395,0.247
"StructuralElasticity",396,0.3178
"StructuralElasticity",397,0.2369
"StructuralElasticity",398,0.3157
"StructuralElasticity",399,0.1747
"StructuralElasticity",400,0.2754
"StructuralElasticity",401,0.1947
"StructuralElasticity",402,0.1631
"StructuralElasticity",403,0.2239
"StructuralElasticity",404,0.2007
"StructuralElasticity",405,0.2721
"StructuralElasticity",406,0.2744
"StructuralElasticity",407,0.2571
"StructuralElasticity",408,0.2357
"StructuralElasticity",409,0.2502
"StructuralElasticity",410,0.3393
"StructuralElasticity",411,0.2557
"StructuralElasticity",412,0.209
"StructuralElasticity",413,0.2638
"StructuralElasticity",414,0.332
"StructuralElasticity",415,0.2611
"StructuralElasticity",416,0.2631
"StructuralElasticity",417,0.2443
"StructuralElasticity",418,0.2151
"StructuralElasticity",419,0.2759
"StructuralElasticity",420,0.2978
"StructuralElasticity",421,0.2328
"StructuralElasticity",422,0.2527
"StructuralElasticity",423,0.2425
"StructuralElasticity",424,0.2598
"StructuralElasticity",425,0.4518
"StructuralElasticity",426,0.2266
"StructuralElasticity",427,0.2272
"StructuralElasticity",428,0.3503
"StructuralElasticity",429,0.3859
"StructuralElasticity",430,0.2926
"StructuralElasticity",431,0.2225
"StructuralElasticity",432,0.2745
"StructuralElasticity",433,0.2828
"StructuralElasticity",434,0.2284
"StructuralElasticity",435,0.2559
"StructuralElasticity",436,0.3331
"StructuralElasticity",437,0.2162
"StructuralElasticity",438,0.2465
"StructuralElasticity",439,0.204
"StructuralElasticity",440,0.3066
"StructuralElasticity",441,0.64
"StructuralElasticity",442,0.2475
"StructuralElasticity",443,0.315
"StructuralElasticity",444,0.214
"StructuralElasticity",445,0.1812
"StructuralElasticity",446,0.2464
"StructuralElasticity",447,0.2212
"StructuralElasticity",448,0.3965
"StructuralElasticity",449,0.253
"StructuralElasticity",450,0.4492
"StructuralElasticity",451,0.2888
"StructuralElasticity",452,0.2106
"StructuralElasticity",453,0.3284
"StructuralElasticity",454,0.2751
"StructuralElasticity",455,0.322
"StructuralElasticity",456,0.7038
"StructuralElasticity",457,0.4816
"StructuralElasticity",458,0.2755
"StructuralElasticity",459,0.2039
"StructuralElasticity",460,0.2774
"StructuralElasticity",461,0.2751
"StructuralElasticity",462,0.2897
"StructuralElasticity",463,0.2423
"StructuralElasticity",464,0.2484
"StructuralElasticity",465,0.3735
"StructuralElasticity",466,0.2566
"StructuralElasticity",467,0.3241
"StructuralElasticity",468,0.2206
"StructuralElasticity",469,0.2812
"StructuralElasticity",470,0.2854
"StructuralElasticity",471,0.3352
"StructuralElasticity",472,0.5026
"StructuralElasticity",473,0.237
"StructuralElasticity",474,0.3374
"StructuralElasticity",475,0.3384
"StructuralElasticity",476,0.4515
"StructuralElasticity",477,0.2581
"StructuralElasticity",478,0.2613
"StructuralElasticity",479,0.3122
"StructuralElasticity",480,0.1955
"StructuralElasticity",481,0.3085
"StructuralElasticity",482,0.2451
"StructuralElasticity",483,0.2477
"StructuralElasticity",484,0.2655
"StructuralElasticity",485,0.23
"StructuralElasticity",486,0.2693
"StructuralElasticity",487,0.5091
"StructuralElasticity",488,0.2902
"StructuralElasticity",489,0.2546
"StructuralElasticity",490,0.2109
"StructuralElasticity",491,0.5007
"StructuralElasticity",492,0.254
"StructuralElasticity",493,0.152
"StructuralElasticity",494,0.3972
"StructuralElasticity",495,0.2386
"StructuralElasticity",496,0.2986
"StructuralElasticity",497,0.331
"StructuralElasticity",498,0.324
"StructuralElasticity",499,0.2995
"StructuralElasticity",500,0.3099
"EarningsElasticityInformed",1,0.1507391
"EarningsElasticityInformed",2,0.1549585
"EarningsElasticityInformed",3,0.1338047
"EarningsElasticityInformed",4,0.1590703
"EarningsElasticityInformed",5,0.1252303
"EarningsElasticityInformed",6,0.1651832
"EarningsElasticityInformed",7,0.1693291
"EarningsElasticityInformed",8,0.1349357
"EarningsElasticityInformed",9,0.1449642
"EarningsElasticityInformed",10,0.139602
"EarningsElasticityInformed",11,0.1435759
"EarningsElasticityInformed",12,0.1586524
"EarningsElasticityInformed",13,0.152164
"EarningsElasticityInformed",14,0.1459052
"EarningsElasticityInformed",15,0.1714532
"EarningsElasticityInformed",16,0.1379535
"EarningsElasticityInformed",17,0.1346222
"EarningsElasticityInformed",18,0.1529822
"EarningsElasticityInformed",19,0.1506856
"EarningsElasticityInformed",20,0.1465053
"EarningsElasticityInformed",21,0.1547139
"EarningsElasticityInformed",22,0.1934704
"EarningsElasticityInformed",23,0.1418603
"EarningsElasticityInformed",24,0.154469
"EarningsElasticityInformed",25,0.137502
"EarningsElasticityInformed",26,0.1335732
"EarningsElasticityInformed",27,0.1486229
"EarningsElasticityInformed",28,0.156631
"EarningsElasticityInformed",29,0.1534704
"EarningsElasticityInformed",30,0.1200091
"EarningsElasticityInformed",31,0.1533006
"EarningsElasticityInformed",32,0.1571589
"EarningsElasticityInformed",33,0.1287671
"EarningsElasticityInformed",34,0.1361956
"EarningsElasticityInformed",35,0.1456362
"EarningsElasticityInformed",36,0.1307215
"EarningsElasticityInformed",37,0.1439205
"EarningsElasticityInformed",38,0.1647044
"EarningsElasticityInformed",39,0.136999
"EarningsElasticityInformed",40,0.1653261
"EarningsElasticityInformed",41,0.1636259
"EarningsElasticityInformed",42,0.1488268
"EarningsElasticityInformed",43,0.1488985
"EarningsElasticityInformed",44,0.1550871
"EarningsElasticityInformed",45,0.1384021
"EarningsElasticityInformed",46,0.1622695
"EarningsElasticityInformed",47,0.1604587
"EarningsElasticityInformed",48,0.1576632
"EarningsElasticityInformed",49,0.158254
"EarningsElasticityInformed",50,0.1388067
"EarningsElasticityInformed",51,0.1322293
"EarningsElasticityInformed",52,0.1602151
"EarningsElasticityInformed",53,0.1455627
"EarningsElasticityInformed",54,0.1476971
"EarningsElasticityInformed",55,0.1728109
"EarningsElasticityInformed",56,0.1121189
"EarningsElasticityInformed",57,0.1530836
"EarningsElasticityInformed",58,0.1402292
"EarningsElasticityInformed",59,0.1531234
"EarningsElasticityInformed",60,0.1237096
"EarningsElasticityInformed",61,0.1536937
"EarningsElasticityInformed",62,0.1651542
"EarningsElasticityInformed",63,0.1343199
"EarningsElasticityInformed",64,0.1439781
"EarningsElasticityInformed",65,0.1396676
"EarningsElasticityInformed",66,0.1401534
"EarningsElasticityInformed",67,0.1451407
"EarningsElasticityInformed",68,0.1524112
"EarningsElasticityInformed",69,0.1534491
"EarningsElasticityInformed",70,0.1548724
"EarningsElasticityInformed",71,0.1591672
"EarningsElasticityInformed",72,0.1615038
"EarningsElasticityInformed",73,0.1467482
"EarningsElasticityInformed",74,0.1557105
"EarningsElasticityInformed",75,0.15263
"EarningsElasticityInformed",76,0.1385671
"EarningsElasticityInformed",77,0.1231989
"EarningsElasticityInformed",78,0.1503907
"EarningsElasticityInformed",79,0.1323009
"EarningsElasticityInformed",80,0.1496235
"EarningsElasticityInformed",81,0.1677145
"EarningsElasticityInformed",82,0.1454469
"EarningsElasticityInformed",83,0.1491213
"EarningsElasticityInformed",84,0.1650441
"EarningsElasticityInformed",85,0.1490462
"EarningsElasticityInformed",86,0.1420611
"EarningsElasticityInformed",87,0.1586996
"EarningsElasticityInformed",88,0.1411035
"EarningsElasticityInformed",89,0.1387918
"EarningsElasticityInformed",90,0.1423453
"EarningsElasticityInformed",91,0.1297507
"EarningsElasticityInformed",92,0.1417989
"EarningsElasticityInformed",93,0.1383094
"EarningsElasticityInformed",94,0.1595356
"EarningsElasticityInformed",95,0.1536557
"EarningsElasticityInformed",96,0.1584385
"EarningsElasticityInformed",97,0.1480881
"EarningsElasticityInformed",98,0.1500015
"EarningsElasticityInformed",99,0.1587022
"EarningsElasticityInformed",100,0.1505479
"EarningsElasticityInformed",101,0.161977
"EarningsElasticityInformed",102,0.1357749
"EarningsElasticityInformed",103,0.1439027
"EarningsElasticityInformed",104,0.1421456
"EarningsElasticityInformed",105,0.1553331
"EarningsElasticityInformed",106,0.1418313
"EarningsElasticityInformed",107,0.1744243
"EarningsElasticityInformed",108,0.1421461
"EarningsElasticityInformed",109,0.164358
"EarningsElasticityInformed",110,0.1525346
"EarningsElasticityInformed",111,0.1637653
"EarningsElasticityInformed",112,0.1399204
"EarningsElasticityInformed",113,0.1581469
"EarningsElasticityInformed",114,0.1599388
"EarningsElasticityInformed",115,0.1417719
"EarningsElasticityInformed",116,0.1702853
"EarningsElasticityInformed",117,0.1412167
"EarningsElasticityInformed",118,0.1375058
"EarningsElasticityInformed",119,0.1510407
"EarningsElasticityInformed",120,0.144925
"EarningsElasticityInformed",121,0.1421921
"EarningsElasticityInformed",122,0.1653027
"EarningsElasticityInformed",123,0.1267888
"EarningsElasticityInformed",124,0.1560662
"EarningsElasticityInformed",125,0.1596176
"EarningsElasticityInformed",126,0.1419699
"EarningsElasticityInformed",127,0.1561783
"EarningsElasticityInformed",128,0.1332737
"EarningsElasticityInformed",129,0.1296613
"EarningsElasticityInformed",130,0.1634824
"EarningsElasticityInformed",131,0.1523471
"EarningsElasticityInformed",132,0.1376826
"EarningsElasticityInformed",133,0.1530131
"EarningsElasticityInformed",134,0.1461244
"EarningsElasticityInformed",135,0.1508374
"EarningsElasticityInformed",136,0.152874
"EarningsElasticityInformed",137,0.1453366
"EarningsElasticityInformed",138,0.1682669
"EarningsElasticityInformed",139,0.1749483
"EarningsElasticityInformed",140,0.1696122
"EarningsElasticityInformed",141,0.1379231
"EarningsElasticityInformed",142,0.1360801
"EarningsElasticityInformed",143,0.1404696
"EarningsElasticityInformed",144,0.1463706
"EarningsElasticityInformed",145,0.1451209
"EarningsElasticityInformed",146,0.1677715
"EarningsElasticityInformed",147,0.1693725
"EarningsElasticityInformed",148,0.1435101
"EarningsElasticityInformed",149,0.1866883
"EarningsElasticityInformed",150,0.1470785
"EarningsElasticityInformed",151,0.1729476
"EarningsElasticityInformed",152,0.1451268
"EarningsElasticityInformed",153,0.1506625
"EarningsElasticityInformed",154,0.1715524
"EarningsElasticityInformed",155,0.166528
"EarningsElasticityInformed",156,0.1297473
"EarningsElasticityInformed",157,0.1403056
"EarningsElasticityInformed",158,0.1553003
"EarningsElasticityInformed",159,0.1333907
"EarningsElasticityInformed",160,0.147555
"EarningsElasticityInformed",161,0.1336167
"EarningsElasticityInformed",162,0.1356534
"EarningsElasticityInformed",163,0.1400182
"EarningsElasticityInformed",164,0.139008
"EarningsElasticityInformed",165,0.1474513
"EarningsElasticityInformed",166,0.1299668
"EarningsElasticityInformed",167,0.1578576
"EarningsElasticityInformed",168,0.1498378
"EarningsElasticityInformed",169,0.1361743
"EarningsElasticityInformed",170,0.156343
"EarningsElasticityInformed",171,0.1359681
"EarningsElasticityInformed",172,0.1465388
"EarningsElasticityInformed",173,0.1544461
"EarningsElasticityInformed",174,0.1627972
"EarningsElasticityInformed",175,0.1516987
"EarningsElasticityInformed",176,0.1603418
"EarningsElasticityInformed",177,0.1559639
"EarningsElasticityInformed",178,0.1641103
"EarningsElasticityInformed",179,0.1505906
"EarningsElasticityInformed",180,0.1643066
"EarningsElasticityInformed",181,0.1463899
"EarningsElasticityInformed",182,0.1547053
"EarningsElasticityInformed",183,0.1546593
"EarningsElasticityInformed",184,0.1455239
"EarningsElasticityInformed",185,0.1342641
"EarningsElasticityInformed",186,0.150662
"EarningsElasticityInformed",187,0.1496813
"EarningsElasticityInformed",188,0.1769626
"EarningsElasticityInformed",189,0.1510228
"EarningsElasticityInformed",190,0.1448533
"EarningsElasticityInformed",191,0.1442256
"EarningsElasticityInformed",192,0.1791205
"EarningsElasticityInformed",193,0.1450503
"EarningsElasticityInformed",194,0.1452644
"EarningsElasticityInformed",195,0.1720805
"EarningsElasticityInformed",196,0.152459
"EarningsElasticityInformed",197,0.1397489
"EarningsElasticityInformed",198,0.1293674
"EarningsElasticityInformed",199,0.145001
"EarningsElasticityInformed",200,0.1425114
"EarningsElasticityInformed",201,0.1538686
"EarningsElasticityInformed",202,0.1727265
"EarningsElasticityInformed",203,0.1500573
"EarningsElasticityInformed",204,0.1592684
"EarningsElasticityInformed",205,0.15757
"EarningsElasticityInformed",206,0.1697178
"EarningsElasticityInformed",207,0.1599559
"EarningsElasticityInformed",208,0.1316717
"EarningsElasticityInformed",209,0.1509307
"EarningsElasticityInformed",210,0.1717518
"EarningsElasticityInformed",211,0.1375823
"EarningsElasticityInformed",212,0.1340345
"EarningsElasticityInformed",213,0.1479245
"EarningsElasticityInformed",214,0.1461103
"EarningsElasticityInformed",215,0.1385481
"EarningsElasticityInformed",216,0.1654974
"EarningsElasticityInformed",217,0.1438244
"EarningsElasticityInformed",218,0.1135012
"EarningsElasticityInformed",219,0.1549728
"EarningsElasticityInformed",220,0.1218884
"EarningsElasticityInformed",221,0.1421656
"EarningsElasticityInformed",222,0.1626647
"EarningsElasticityInformed",223,0.1610975
"EarningsElasticityInformed",224,0.1283252
"EarningsElasticityInformed",225,0.152345
"EarningsElasticityInformed",226,0.1366397
"EarningsElasticityInformed",227,0.1411451
"EarningsElasticityInformed",228,0.1695426
"EarningsElasticityInformed",229,0.1441102
"EarningsElasticityInformed",230,0.1873588
"EarningsElasticityInformed",231,0.130996
"EarningsElasticityInformed",232,0.1739526
"EarningsElasticityInformed",233,0.1513857
"EarningsElasticityInformed",234,0.1483029
"EarningsElasticityInformed",235,0.1406795
"EarningsElasticityInformed",236,0.1478412
"EarningsElasticityInformed",237,0.1536141
"EarningsElasticityInformed",238,0.1445158
"EarningsElasticityInformed",239,0.1600985
"EarningsElasticityInformed",240,0.1720158
"EarningsElasticityInformed",241,0.1504798
"EarningsElasticityInformed",242,0.150442
"EarningsElasticityInformed",243,0.1717511
"EarningsElasticityInformed",244,0.1276059
"EarningsElasticityInformed",245,0.1349187
"EarningsElasticityInformed",246,0.1386062
"EarningsElasticityInformed",247,0.1166358
"EarningsElasticityInformed",248,0.1612059
"EarningsElasticityInformed",249,0.1579034
"EarningsElasticityInformed",250,0.1559503
"EarningsElasticityInformed",251,0.1257932
"EarningsElasticityInformed",252,0.1245077
"EarningsElasticityInformed",253,0.1438826
"EarningsElasticityInformed",254,0.1273466
"EarningsElasticityInformed",255,0.1706427
"EarningsElasticityInformed",256,0.1840086
"EarningsElasticityInformed",257,0.1409667
"EarningsElasticityInformed",258,0.1394812
"EarningsElasticityInformed",259,0.1624516
"EarningsElasticityInformed",260,0.1755669
"EarningsElasticityInformed",261,0.152033
"EarningsElasticityInformed",262,0.1341591
"EarningsElasticityInformed",263,0.1758506
"EarningsElasticityInformed",264,0.1505366
"EarningsElasticityInformed",265,0.1327854
"EarningsElasticityInformed",266,0.1471287
"EarningsElasticityInformed",267,0.1531723
"EarningsElasticityInformed",268,0.1456809
"EarningsElasticityInformed",269,0.1548645
"EarningsElasticityInformed",270,0.1693368
"EarningsElasticityInformed",271,0.1341934
"EarningsElasticityInformed",272,0.1485735
"EarningsElasticityInformed",273,0.1426995
"EarningsElasticityInformed",274,0.1391911
"EarningsElasticityInformed",275,0.1410844
"EarningsElasticityInformed",276,0.1374045
"EarningsElasticityInformed",277,0.1476979
"EarningsElasticityInformed",278,0.1256751
"EarningsElasticityInformed",279,0.1403616
"EarningsElasticityInformed",280,0.1367617
"EarningsElasticityInformed",281,0.1360461
"EarningsElasticityInformed",282,0.1695098
"EarningsElasticityInformed",283,0.138207
"EarningsElasticityInformed",284,0.1393107
"EarningsElasticityInformed",285,0.1580082
"EarningsElasticityInformed",286,0.1398975
"EarningsElasticityInformed",287,0.1433407
"EarningsElasticityInformed",288,0.143515
"EarningsElasticityInformed",289,0.1360544
"EarningsElasticityInformed",290,0.1197607
"EarningsElasticityInformed",291,0.1446738
"EarningsElasticityInformed",292,0.1599234
"EarningsElasticityInformed",293,0.1474502
"EarningsElasticityInformed",294,0.1358886
"EarningsElasticityInformed",295,0.1413674
"EarningsElasticityInformed",296,0.1810392
"EarningsElasticityInformed",297,0.1384764
"EarningsElasticityInformed",298,0.1399766
"EarningsElasticityInformed",299,0.1510706
"EarningsElasticityInformed",300,0.1491318
"EarningsElasticityInformed",301,0.1732513
"EarningsElasticityInformed",302,0.1660978
"EarningsElasticityInformed",303,0.1581544
"EarningsElasticityInformed",304,0.145321
"EarningsElasticityInformed",305,0.1536269
"EarningsElasticityInformed",306,0.1496721
"EarningsElasticityInformed",307,0.1537102
"EarningsElasticityInformed",308,0.1256641
"EarningsElasticityInformed",309,0.1339531
"EarningsElasticityInformed",310,0.1327948
"EarningsElasticityInformed",311,0.1526993
"EarningsElasticityInformed",312,0.1427566
"EarningsElasticityInformed",313,0.1516505
"EarningsElasticityInformed",314,0.1472468
"EarningsElasticityInformed",315,0.1458086
"EarningsElasticityInformed",316,0.1547503
"EarningsElasticityInformed",317,0.1508709
"EarningsElasticityInformed",318,0.1579597
"EarningsElasticityInformed",319,0.1724241
"EarningsElasticityInformed",320,0.1673402
"EarningsElasticityInformed",321,0.1327495
"EarningsElasticityInformed",322,0.1352656
"EarningsElasticityInformed",323,0.1620087
"EarningsElasticityInformed",324,0.1423541
"EarningsElasticityInformed",325,0.151561
"EarningsElasticityInformed",326,0.1536117
"EarningsElasticityInformed",327,0.1656843
"EarningsElasticityInformed",328,0.1548123
"EarningsElasticityInformed",329,0.164475
"EarningsElasticityInformed",330,0.1376004
"EarningsElasticityInformed",331,0.1639037
"EarningsElasticityInformed",332,0.1573752
"EarningsElasticityInformed",333,0.1456786
"EarningsElasticityInformed",334,0.1518899
"EarningsElasticityInformed",335,0.151928
"EarningsElasticityInformed",336,0.1408632
"EarningsElasticityInformed",337,0.1645665
"EarningsElasticityInformed",338,0.12824
"EarningsElasticityInformed",339,0.1524207
"EarningsElasticityInformed",340,0.1973733
"EarningsElasticityInformed",341,0.1462477
"EarningsElasticityInformed",342,0.1339625
"EarningsElasticityInformed",343,0.1661085
"EarningsElasticityInformed",344,0.1552057
"EarningsElasticityInformed",345,0.1597052
"EarningsElasticityInformed",346,0.1373102
"EarningsElasticityInformed",347,0.1522736
"EarningsElasticityInformed",348,0.1327397
"EarningsElasticityInformed",349,0.1325338
"EarningsElasticityInformed",350,0.1459588
"EarningsElasticityInformed",351,0.1384433
"EarningsElasticityInformed",352,0.1547606
"EarningsElasticityInformed",353,0.1417217
"EarningsElasticityInformed",354,0.154313
"EarningsElasticityInformed",355,0.1609502
"EarningsElasticityInformed",356,0.1752913
"EarningsElasticityInformed",357,0.136528
"EarningsElasticityInformed",358,0.1435518
"EarningsElasticityInformed",359,0.1409044
"EarningsElasticityInformed",360,0.136598
"EarningsElasticityInformed",361,0.1426323
"EarningsElasticityInformed",362,0.1377276
"EarningsElasticityInformed",363,0.1590465
"EarningsElasticityInformed",364,0.1257186
"EarningsElasticityInformed",365,0.1463675
"EarningsElasticityInformed",366,0.1484747
"EarningsElasticityInformed",367,0.1619875
"EarningsElasticityInformed",368,0.1480766
"EarningsElasticityInformed",369,0.1654046
"EarningsElasticityInformed",370,0.1355548
"EarningsElasticityInformed",371,0.1791184
"EarningsElasticityInformed",372,0.1622285
"EarningsElasticityInformed",373,0.1433475
"EarningsElasticityInformed",374,0.1423728
"EarningsElasticityInformed",375,0.1507289
"EarningsElasticityInformed",376,0.148671
"EarningsElasticityInformed",377,0.1550669
"EarningsElasticityInformed",378,0.1653746
"EarningsElasticityInformed",379,0.1605945
"EarningsElasticityInformed",380,0.1329977
"EarningsElasticityInformed",381,0.1607245
"EarningsElasticityInformed",382,0.1562895
"EarningsElasticityInformed",383,0.1626545
"EarningsElasticityInformed",384,0.1250406
"EarningsElasticityInformed",385,0.1225407
"EarningsElasticityInformed",386,0.1383588
"EarningsElasticityInformed",387,0.1522762
"EarningsElasticityInformed",388,0.141646
"EarningsElasticityInformed",389,0.1499875
"EarningsElasticityInformed",390,0.1259199
"EarningsElasticityInformed",391,0.1532943
"EarningsElasticityInformed",392,0.1357674
"EarningsElasticityInformed",393,0.1542664
"EarningsElasticityInformed",394,0.1658639
"EarningsElasticityInformed",395,0.1354359
"EarningsElasticityInformed",396,0.1362765
"EarningsElasticityInformed",397,0.1458891
"EarningsElasticityInformed",398,0.1342088
"EarningsElasticityInformed",399,0.1291784
"EarningsElasticityInformed",400,0.1505608
"EarningsElasticityInformed",401,0.1491925
"EarningsElasticityInformed",402,0.1340985
"EarningsElasticityInformed",403,0.1418027
"EarningsElasticityInformed",404,0.1291284
"EarningsElasticityInformed",405,0.1433814
"EarningsElasticityInformed",406,0.1566055
"EarningsElasticityInformed",407,0.1625533
"EarningsElasticityInformed",408,0.1251084
"EarningsElasticityInformed",409,0.148099
"EarningsElasticityInformed",410,0.1638011
"EarningsElasticityInformed",411,0.1552229
"EarningsElasticityInformed",412,0.144881
"EarningsElasticityInformed",413,0.1449311
"EarningsElasticityInformed",414,0.1489883
"EarningsElasticityInformed",415,0.1444548
"EarningsElasticityInformed",416,0.1335651
"EarningsElasticityInformed",417,0.1628475
"EarningsElasticityInformed",418,0.1626799
"EarningsElasticityInformed",419,0.1498215
"EarningsElasticityInformed",420,0.1610676
"EarningsElasticityInformed",421,0.1346242
"EarningsElasticityInformed",422,0.153305
"EarningsElasticityInformed",423,0.1450222
"EarningsElasticityInformed",424,0.1352952
"EarningsElasticityInformed",425,0.1466169
"EarningsElasticityInformed",426,0.1443315
"EarningsElasticityInformed",427,0.1580654
"EarningsElasticityInformed",428,0.1467972
"EarningsElasticityInformed",429,0.15299
"EarningsElasticityInformed",430,0.132157
"EarningsElasticityInformed",431,0.1479275
"EarningsElasticityInformed",432,0.1398209
"EarningsElasticityInformed",433,0.1426507
"EarningsElasticityInformed",434,0.1545894
"EarningsElasticityInformed",435,0.1585446
"EarningsElasticityInformed",436,0.1046522
"EarningsElasticityInformed",437,0.1425721
"EarningsElasticityInformed",438,0.1589992
"EarningsElasticityInformed",439,0.1485742
"EarningsElasticityInformed",440,0.1501606
"EarningsElasticityInformed",441,0.1415654
"EarningsElasticityInformed",442,0.1424028
"EarningsElasticityInformed",443,0.129105
"EarningsElasticityInformed",444,0.1446145
"EarningsElasticityInformed",445,0.138204
"EarningsElasticityInformed",446,0.1400646
"EarningsElasticityInformed",447,0.127786
"EarningsElasticityInformed",448,0.1503392
"EarningsElasticityInformed",449,0.14265
"EarningsElasticityInformed",450,0.1468402
"EarningsElasticityInformed",451,0.1484382
"EarningsElasticityInformed",452,0.1556056
"EarningsElasticityInformed",453,0.1299653
"EarningsElasticityInformed",454,0.1558517
"EarningsElasticityInformed",455,0.1471441
"EarningsElasticityInformed",456,0.1357023
"EarningsElasticityInformed",457,0.1350518
"EarningsElasticityInformed",458,0.1524923
"EarningsElasticityInformed",459,0.1469034
"EarningsElasticityInformed",460,0.1383837
"EarningsElasticityInformed",461,0.1615857
"EarningsElasticityInformed",462,0.1319192
"EarningsElasticityInformed",463,0.1528693
"EarningsElasticityInformed",464,0.1522494
"EarningsElasticityInformed",465,0.1510474
"EarningsElasticityInformed",466,0.1738211
"EarningsElasticityInformed",467,0.1489765
"EarningsElasticityInformed",468,0.1433028
"EarningsElasticityInformed",469,0.1593705
"EarningsElasticityInformed",470,0.1724908
"EarningsElasticityInformed",471,0.1536893
"EarningsElasticityInformed",472,0.1615603
"EarningsElasticityInformed",473,0.1500234
"EarningsElasticityInformed",474,0.1350701
"EarningsElasticityInformed",475,0.1494321
"EarningsElasticityInformed",476,0.1609298
"EarningsElasticityInformed",477,0.1335121
"EarningsElasticityInformed",478,0.1499339
"EarningsElasticityInformed",479,0.1454983
"EarningsElasticityInformed",480,0.1590224
"EarningsElasticityInformed",481,0.160038
"EarningsElasticityInformed",482,0.1510097
"EarningsElasticityInformed",483,0.1434655
"EarningsElasticityInformed",484,0.1476138
"EarningsElasticityInformed",485,0.1623284
"EarningsElasticityInformed",486,0.1586034
"EarningsElasticityInformed",487,0.1505983
"EarningsElasticityInformed",488,0.1672267
"EarningsElasticityInformed",489,0.1426935
"EarningsElasticityInformed",490,0.1571368
"EarningsElasticityInformed",491,0.1619413
"EarningsElasticityInformed",492,0.1574096
"EarningsElasticityInformed",493,0.1441654
"EarningsElasticityInformed",494,0.1669015
"EarningsElasticityInformed",495,0.1587198
"EarningsElasticityInformed",496,0.1661714
"EarningsElasticityInformed",497,0.1257479
"EarningsElasticityInformed",498,0.1530173
"EarningsElasticityInformed",499,0.1382013
"EarningsElasticityInformed",500,0.1599105
"EarningsElasticityNoninformed",1,0.0671867
"EarningsElasticityNoninformed",2,0.0594468
"EarningsElasticityNoninformed",3,0.0423195
"EarningsElasticityNoninformed",4,0.0135671
"EarningsElasticityNoninformed",5,0.0702081
"EarningsElasticityNoninformed",6,0.052464
"EarningsElasticityNoninformed",7,0.0402171
"EarningsElasticityNoninformed",8,0.0887102
"EarningsElasticityNoninformed",9,0.0746251
"EarningsElasticityNoninformed",10,0.0192268
"EarningsElasticityNoninformed",11,0.0535256
"EarningsElasticityNoninformed",12,0.0523585
"EarningsElasticityNoninformed",13,0.0766551
"EarningsElasticityNoninformed",14,0.0422166
"EarningsElasticityNoninformed",15,0.0407318
"EarningsElasticityNoninformed",16,0.0949358
"EarningsElasticityNoninformed",17,0.0250493
"EarningsElasticityNoninformed",18,0.0550326
"EarningsElasticityNoninformed",19,0.0664752
"EarningsElasticityNoninformed",20,0.0502313
"EarningsElasticityNoninformed",21,0.0651452
"EarningsElasticityNoninformed",22,0.0733499
"EarningsElasticityNoninformed",23,0.0523692
"EarningsElasticityNoninformed",24,0.0371202
"EarningsElasticityNoninformed",25,0.0623771
"EarningsElasticityNoninformed",26,0.0327163
"EarningsElasticityNoninformed",27,0.0917444
"EarningsElasticityNoninformed",28,0.0646705
"EarningsElasticityNoninformed",29,0.0740236
"EarningsElasticityNoninformed",30,0.0713841
"EarningsElasticityNoninformed",31,0.0712435
"EarningsElasticityNoninformed",32,0.0575548
"EarningsElasticityNoninformed",33,0.081438
"EarningsElasticityNoninformed",34,0.0569435
"EarningsElasticityNoninformed",35,0.0829868
"EarningsElasticityNoninformed",36,0.0773376
"EarningsElasticityNoninformed",37,0.0484856
"EarningsElasticityNoninformed",38,0.0636963
"EarningsElasticityNoninformed",39,0.0820473
"EarningsElasticityNoninformed",40,0.062564
"EarningsElasticityNoninformed",41,0.039487
"EarningsElasticityNoninformed",42,0.0598072
"EarningsElasticityNoninformed",43,0.1061543
"EarningsElasticityNoninformed",44,0.0619434
"EarningsElasticityNoninformed",45,0.0365524
"EarningsElasticityNoninformed",46,0.0717283
"EarningsElasticityNoninformed",47,0.0629541
"EarningsElasticityNoninformed",48,0.0712414
"EarningsElasticityNoninformed",49,0.0721422
"EarningsElasticityNoninformed",50,0.0636308
"EarningsElasticityNoninformed",51,0.0514442
"EarningsElasticityNoninformed",52,0.0672584
"EarningsElasticityNoninformed",53,0.0634646
"EarningsElasticityNoninformed",54,0.0547156
"EarningsElasticityNoninformed",55,0.0433981
"EarningsElasticityNoninformed",56,0.062012
"EarningsElasticityNoninformed",57,0.0688616
"EarningsElasticityNoninformed",58,0.1072693
"EarningsElasticityNoninformed",59,0.0962739
"EarningsElasticityNoninformed",60,0.0441216
"EarningsElasticityNoninformed",61,0.0854971
"EarningsElasticityNoninformed",62,0.0593085
"EarningsElasticityNoninformed",63,0.0937238
"EarningsElasticityNoninformed",64,0.0352891
"EarningsElasticityNoninformed",65,0.049881
"EarningsElasticityNoninformed",66,0.0601382
"EarningsElasticityNoninformed",67,0.0547919
"EarningsElasticityNoninformed",68,0.058626
"EarningsElasticityNoninformed",69,0.029739
"EarningsElasticityNoninformed",70,0.038795
"EarningsElasticityNoninformed",71,0.0600302
"EarningsElasticityNoninformed",72,0.0711651
"EarningsElasticityNoninformed",73,0.0537186
"EarningsElasticityNoninformed",74,0.0890221
"EarningsElasticityNoninformed",75,0.0531151
"EarningsElasticityNoninformed",76,0.0325485
"EarningsElasticityNoninformed",77,0.0822571
"EarningsElasticityNoninformed",78,0.0591365
"EarningsElasticityNoninformed",79,0.0720181
"EarningsElasticityNoninformed",80,0.0638956
"EarningsElasticityNoninformed",81,0.0941104
"EarningsElasticityNoninformed",82,0.0362914
"EarningsElasticityNoninformed",83,0.0319083
"EarningsElasticityNoninformed",84,0.0469594
"EarningsElasticityNoninformed",85,0.0575109
"EarningsElasticityNoninformed",86,0.036567
"EarningsElasticityNoninformed",87,0.0240443
"EarningsElasticityNoninformed",88,0.0734035
"EarningsElasticityNoninformed",89,0.0561725
"EarningsElasticityNoninformed",90,0.0509198
"EarningsElasticityNoninformed",91,0.0539222
"EarningsElasticityNoninformed",92,0.0474703
"EarningsElasticityNoninformed",93,0.0892861
"EarningsElasticityNoninformed",94,0.0741291
"EarningsElasticityNoninformed",95,0.0476925
"EarningsElasticityNoninformed",96,0.0955914
"EarningsElasticityNoninformed",97,0.0337927
"EarningsElasticityNoninformed",98,0.0485109
"EarningsElasticityNoninformed",99,0.0708321
"EarningsElasticityNoninformed",100,0.0887721
"EarningsElasticityNoninformed",101,0.0527147
"EarningsElasticityNoninformed",102,0.0500817
"EarningsElasticityNoninformed",103,0.0332398
"EarningsElasticityNoninformed",104,0.0120458
"EarningsElasticityNoninformed",105,0.0456085
"EarningsElasticityNoninformed",106,0.056245
"EarningsElasticityNoninformed",107,0.0483173
"EarningsElasticityNoninformed",108,0.0503067
"EarningsElasticityNoninformed",109,0.0431833
"EarningsElasticityNoninformed",110,0.0657345
"EarningsElasticityNoninformed",111,0.0677586
"EarningsElasticityNoninformed",112,0.0676641
"EarningsElasticityNoninformed",113,0.0748375
"EarningsElasticityNoninformed",114,0.0883372
"EarningsElasticityNoninformed",115,0.0521006
"EarningsElasticityNoninformed",116,0.0465487
"EarningsElasticityNoninformed",117,0.0639282
"EarningsElasticityNoninformed",118,0.0830556
"EarningsElasticityNoninformed",119,0.0763228
"EarningsElasticityNoninformed",120,0.0760114
"EarningsElasticityNoninformed",121,0.0737474
"EarningsElasticityNoninformed",122,0.0588176
"EarningsElasticityNoninformed",123,0.024798
"EarningsElasticityNoninformed",124,0.0558801
"EarningsElasticityNoninformed",125,0.0614055
"EarningsElasticityNoninformed",126,0.0555199
"EarningsElasticityNoninformed",127,0.0111233
"EarningsElasticityNoninformed",128,0.0561092
"EarningsElasticityNoninformed",129,0.0204589
"EarningsElasticityNoninformed",130,0.0610078
"EarningsElasticityNoninformed",131,0.0743574
"EarningsElasticityNoninformed",132,0.0687505
"EarningsElasticityNoninformed",133,0.0624826
"EarningsElasticityNoninformed",134,0.0514593
"EarningsElasticityNoninformed",135,0.0399715
"EarningsElasticityNoninformed",136,0.0719609
"EarningsElasticityNoninformed",137,0.0651636
"EarningsElasticityNoninformed",138,0.0599721
"EarningsElasticityNoninformed",139,0.0568964
"EarningsElasticityNoninformed",140,0.0628936
"EarningsElasticityNoninformed",141,0.0126556
"EarningsElasticityNoninformed",142,0.0951704
"EarningsElasticityNoninformed",143,0.0540117
"EarningsElasticityNoninformed",144,0.0638504
"EarningsElasticityNoninformed",145,0.0200536
"EarningsElasticityNoninformed",146,0.0974182
"EarningsElasticityNoninformed",147,0.038043
"EarningsElasticityNoninformed",148,0.0646444
"EarningsElasticityNoninformed",149,0.0594706
"EarningsElasticityNoninformed",150,0.0627435
"EarningsElasticityNoninformed",151,0.0610718
"EarningsElasticityNoninformed",152,0.0139223
"EarningsElasticityNoninformed",153,0.057991
"EarningsElasticityNoninformed",154,0.0524339
"EarningsElasticityNoninformed",155,0.0609438
"EarningsElasticityNoninformed",156,0.0519678
"EarningsElasticityNoninformed",157,0.0615929
"EarningsElasticityNoninformed",158,0.0342378
"EarningsElasticityNoninformed",159,0.031189
"EarningsElasticityNoninformed",160,0.0796523
"EarningsElasticityNoninformed",161,0.0698725
"EarningsElasticityNoninformed",162,0.0293812
"EarningsElasticityNoninformed",163,0.0399361
"EarningsElasticityNoninformed",164,0.0518271
"EarningsElasticityNoninformed",165,0.0502483
"EarningsElasticityNoninformed",166,0.0759649
"EarningsElasticityNoninformed",167,0.0177431
"EarningsElasticityNoninformed",168,0.0437096
"EarningsElasticityNoninformed",169,0.0044642
"EarningsElasticityNoninformed",170,0.0563972
"EarningsElasticityNoninformed",171,0.029677
"EarningsElasticityNoninformed",172,0.0818373
"EarningsElasticityNoninformed",173,0.0496008
"EarningsElasticityNoninformed",174,0.0865381
"EarningsElasticityNoninformed",175,0.038653
"EarningsElasticityNoninformed",176,0.0769146
"EarningsElasticityNoninformed",177,0.0293682
"EarningsElasticityNoninformed",178,0.0589341
"EarningsElasticityNoninformed",179,0.0737937
"EarningsElasticityNoninformed",180,0.0839749
"EarningsElasticityNoninformed",181,0.0273926
"EarningsElasticityNoninformed",182,0.0552068
"EarningsElasticityNoninformed",183,0.0570276
"EarningsElasticityNoninformed",184,0.0617152
"EarningsElasticityNoninformed",185,0.0381351
"EarningsElasticityNoninformed",186,0.0504676
"EarningsElasticityNoninformed",187,0.0722206
"EarningsElasticityNoninformed",188,0.0274831
"EarningsElasticityNoninformed",189,0.0556339
"EarningsElasticityNoninformed",190,0.0039025
"EarningsElasticityNoninformed",191,0.0883609
"EarningsElasticityNoninformed",192,0.0466507
"EarningsElasticityNoninformed",193,0.0308854
"EarningsElasticityNoninformed",194,0.0351588
"EarningsElasticityNoninformed",195,0.046571
"EarningsElasticityNoninformed",196,0.0616824
"EarningsElasticityNoninformed",197,0.0525064
"EarningsElasticityNoninformed",198,0.0663233
"EarningsElasticityNoninformed",199,0.0352549
"EarningsElasticityNoninformed",200,0.07913
"EarningsElasticityNoninformed",201,0.0810644
"EarningsElasticityNoninformed",202,0.0681396
"EarningsElasticityNoninformed",203,0.0530506
"EarningsElasticityNoninformed",204,0.0109133
"EarningsElasticityNoninformed",205,0.0551226
"EarningsElasticityNoninformed",206,0.0545359
"EarningsElasticityNoninformed",207,0.035549
"EarningsElasticityNoninformed",208,0.0561105
"EarningsElasticityNoninformed",209,0.0379964
"EarningsElasticityNoninformed",210,0.0168674
"EarningsElasticityNoninformed",211,0.0712137
"EarningsElasticityNoninformed",212,0.0647804
"EarningsElasticityNoninformed",213,0.0982327
"EarningsElasticityNoninformed",214,0.055633
"EarningsElasticityNoninformed",215,0.0745463
"EarningsElasticityNoninformed",216,0.0613021
"EarningsElasticityNoninformed",217,0.0545962
"EarningsElasticityNoninformed",218,0.0316004
"EarningsElasticityNoninformed",219,0.0501084
"EarningsElasticityNoninformed",220,0.0324832
"EarningsElasticityNoninformed",221,0.0243714
"EarningsElasticityNoninformed",222,0.0653707
"EarningsElasticityNoninformed",223,0.0794112
"EarningsElasticityNoninformed",224,0.0568219
"EarningsElasticityNoninformed",225,0.0894293
"EarningsElasticityNoninformed",226,0.0404459
"EarningsElasticityNoninformed",227,0.0446489
"EarningsElasticityNoninformed",228,0.0634875
"EarningsElasticityNoninformed",229,0.0702268
"EarningsElasticityNoninformed",230,0.046443
"EarningsElasticityNoninformed",231,0.0388153
"EarningsElasticityNoninformed",232,0.0712761
"EarningsElasticityNoninformed",233,0.0574126
"EarningsElasticityNoninformed",234,0.0128287
"EarningsElasticityNoninformed",235,0.0299487
"EarningsElasticityNoninformed",236,0.0365062
"EarningsElasticityNoninformed",237,0.0525684
"EarningsElasticityNoninformed",238,0.0542135
"EarningsElasticityNoninformed",239,0.0431989
"EarningsElasticityNoninformed",240,0.0863964
"EarningsElasticityNoninformed",241,0.0617359
"EarningsElasticityNoninformed",242,0.0573795
"EarningsElasticityNoninformed",243,0.0233577
"EarningsElasticityNoninformed",244,0.0420243
"EarningsElasticityNoninformed",245,0.0516665
"EarningsElasticityNoninformed",246,0.0482598
"EarningsElasticityNoninformed",247,0.0463012
"EarningsElasticityNoninformed",248,0.0686591
"EarningsElasticityNoninformed",249,0.0608251
"EarningsElasticityNoninformed",250,0.0555376
"EarningsElasticityNoninformed",251,0.0337483
"EarningsElasticityNoninformed",252,0.0638231
"EarningsElasticityNoninformed",253,0.0468576
"EarningsElasticityNoninformed",254,0.0480353
"EarningsElasticityNoninformed",255,0.0479052
"EarningsElasticityNoninformed",256,0.0651273
"EarningsElasticityNoninformed",257,0.0806148
"EarningsElasticityNoninformed",258,0.0622427
"EarningsElasticityNoninformed",259,0.0513649
"EarningsElasticityNoninformed",260,0.1026522
"EarningsElasticityNoninformed",261,0.024757
"EarningsElasticityNoninformed",262,0.0470218
"EarningsElasticityNoninformed",263,0.0657722
"EarningsElasticityNoninformed",264,0.0735069
"EarningsElasticityNoninformed",265,0.0833947
"EarningsElasticityNoninformed",266,0.0319688
"EarningsElasticityNoninformed",267,0.0725287
"EarningsElasticityNoninformed",268,0.081416
"EarningsElasticityNoninformed",269,0.0409286
"EarningsElasticityNoninformed",270,0.0650179
"EarningsElasticityNoninformed",271,0.0439259
"EarningsElasticityNoninformed",272,0.0787053
"EarningsElasticityNoninformed",273,0.074535
"EarningsElasticityNoninformed",274,0.0538515
"EarningsElasticityNoninformed",275,0.0772082
"EarningsElasticityNoninformed",276,0.0542476
"EarningsElasticityNoninformed",277,0.0692494
"EarningsElasticityNoninformed",278,0.0506147
"EarningsElasticityNoninformed",279,0.0432408
"EarningsElasticityNoninformed",280,0.068904
"EarningsElasticityNoninformed",281,0.044331
"EarningsElasticityNoninformed",282,0.0346081
"EarningsElasticityNoninformed",283,0.0703917
"EarningsElasticityNoninformed",284,0.0433651
"EarningsElasticityNoninformed",285,0.0230995
"EarningsElasticityNoninformed",286,0.0554016
"EarningsElasticityNoninformed",287,0.0520569
"EarningsElasticityNoninformed",288,0.0570896
"EarningsElasticityNoninformed",289,0.045473
"EarningsElasticityNoninformed",290,0.0632477
"EarningsElasticityNoninformed",291,0.0486681
"EarningsElasticityNoninformed",292,0.0377741
"EarningsElasticityNoninformed",293,0.0514906
"EarningsElasticityNoninformed",294,0.0369632
"EarningsElasticityNoninformed",295,0.0586741
"EarningsElasticityNoninformed",296,0.0361846
"EarningsElasticityNoninformed",297,0.048705
"EarningsElasticityNoninformed",298,0.076398
"EarningsElasticityNoninformed",299,0.0318616
"EarningsElasticityNoninformed",300,0.0152991
"EarningsElasticityNoninformed",301,0.0770477
"EarningsElasticityNoninformed",302,0.0592656
"EarningsElasticityNoninformed",303,0.0553482
"EarningsElasticityNoninformed",304,0.0388582
"EarningsElasticityNoninformed",305,0.0608247
"EarningsElasticityNoninformed",306,0.0850345
"EarningsElasticityNoninformed",307,0.0651876
"EarningsElasticityNoninformed",308,0.039361
"EarningsElasticityNoninformed",309,0.0589589
"EarningsElasticityNoninformed",310,0.0499585
"EarningsElasticityNoninformed",311,0.0824149
"EarningsElasticityNoninformed",312,0.0639659
"EarningsElasticityNoninformed",313,0.0329472
"EarningsElasticityNoninformed",314,0.0578705
"EarningsElasticityNoninformed",315,0.078773
"EarningsElasticityNoninformed",316,0.0888883
"EarningsElasticityNoninformed",317,0.0304822
"EarningsElasticityNoninformed",318,0.0604209
"EarningsElasticityNoninformed",319,0.0478774
"EarningsElasticityNoninformed",320,0.076479
"EarningsElasticityNoninformed",321,0.0329465
"EarningsElasticityNoninformed",322,0.071492
"EarningsElasticityNoninformed",323,0.0866336
"EarningsElasticityNoninformed",324,0.0439644
"EarningsElasticityNoninformed",325,0.0473305
"EarningsElasticityNoninformed",326,0.0772192
"EarningsElasticityNoninformed",327,0.0715302
"EarningsElasticityNoninformed",328,0.0176186
"EarningsElasticityNoninformed",329,0.0566572
"EarningsElasticityNoninformed",330,0.0714497
"EarningsElasticityNoninformed",331,0.0523933
"EarningsElasticityNoninformed",332,0.040836
"EarningsElasticityNoninformed",333,0.0232323
"EarningsElasticityNoninformed",334,0.0445982
"EarningsElasticityNoninformed",335,0.0660981
"EarningsElasticityNoninformed",336,0.0296786
"EarningsElasticityNoninformed",337,0.1041714
"EarningsElasticityNoninformed",338,0.0763651
"EarningsElasticityNoninformed",339,0.0330865
"EarningsElasticityNoninformed",340,0.0920338
"EarningsElasticityNoninformed",341,0.0700278
"EarningsElasticityNoninformed",342,0.0405426
"EarningsElasticityNoninformed",343,0.0677042
"EarningsElasticityNoninformed",344,0.0599443
"EarningsElasticityNoninformed",345,0.0707565
"EarningsElasticityNoninformed",346,0.0500399
"EarningsElasticityNoninformed",347,0.0607474
"EarningsElasticityNoninformed",348,0.0694826
"EarningsElasticityNoninformed",349,0.0512821
"EarningsElasticityNoninformed",350,0.0313455
"EarningsElasticityNoninformed",351,0.0731563
"EarningsElasticityNoninformed",352,0.0580182
"EarningsElasticityNoninformed",353,0.0333245
"EarningsElasticityNoninformed",354,0.069499
"EarningsElasticityNoninformed",355,0.0723652
"EarningsElasticityNoninformed",356,0.0533653
"EarningsElasticityNoninformed",357,0.0469807
"EarningsElasticityNoninformed",358,0.0906369
"EarningsElasticityNoninformed",359,0.0246568
"EarningsElasticityNoninformed",360,0.0410652
"EarningsElasticityNoninformed",361,0.0508238
"EarningsElasticityNoninformed",362,0.0398652
"EarningsElasticityNoninformed",363,0.0907979
"EarningsElasticityNoninformed",364,0.039663
"EarningsElasticityNoninformed",365,0.0336764
"EarningsElasticityNoninformed",366,0.0611508
"EarningsElasticityNoninformed",367,0.0392396
"EarningsElasticityNoninformed",368,0.0423481
"EarningsElasticityNoninformed",369,0.0726615
"EarningsElasticityNoninformed",370,0.0594808
"EarningsElasticityNoninformed",371,0.1125485
"EarningsElasticityNoninformed",372,0.065862
"EarningsElasticityNoninformed",373,0.0405727
"EarningsElasticityNoninformed",374,0.025081
"EarningsElasticityNoninformed",375,0.0690374
"EarningsElasticityNoninformed",376,0.0369204
"EarningsElasticityNoninformed",377,0.0551062
"EarningsElasticityNoninformed",378,0.0651314
"EarningsElasticityNoninformed",379,0.0564853
"EarningsElasticityNoninformed",380,0.0484686
"EarningsElasticityNoninformed",381,0.089506
"EarningsElasticityNoninformed",382,0.0817527
"EarningsElasticityNoninformed",383,0.0596188
"EarningsElasticityNoninformed",384,0.0563429
"EarningsElasticityNoninformed",385,0.0644097
"EarningsElasticityNoninformed",386,0.076453
"EarningsElasticityNoninformed",387,0.0839468
"EarningsElasticityNoninformed",388,0.0793921
"EarningsElasticityNoninformed",389,0.0857834
"EarningsElasticityNoninformed",390,0.0424638
"EarningsElasticityNoninformed",391,0.0263347
"EarningsElasticityNoninformed",392,0.0532589
"EarningsElasticityNoninformed",393,0.0432993
"EarningsElasticityNoninformed",394,0.0238253
"EarningsElasticityNoninformed",395,0.0632884
"EarningsElasticityNoninformed",396,0.0215549
"EarningsElasticityNoninformed",397,0.0588485
"EarningsElasticityNoninformed",398,0.0504377
"EarningsElasticityNoninformed",399,0.0857868
"EarningsElasticityNoninformed",400,0.0237793
"EarningsElasticityNoninformed",401,0.0284045
"EarningsElasticityNoninformed",402,0.0555131
"EarningsElasticityNoninformed",403,0.0434153
"EarningsElasticityNoninformed",404,0.0404372
"EarningsElasticityNoninformed",405,0.013759
"EarningsElasticityNoninformed",406,0.0679666
"EarningsElasticityNoninformed",407,0.0654563
"EarningsElasticityNoninformed",408,0.0298531
"EarningsElasticityNoninformed",409,0.0113989
"EarningsElasticityNoninformed",410,0.0862962
"EarningsElasticityNoninformed",411,0.0706675
"EarningsElasticityNoninformed",412,0.0650136
"EarningsElasticityNoninformed",413,0.0543253
"EarningsElasticityNoninformed",414,0.0385558
"EarningsElasticityNoninformed",415,0.0540452
"EarningsElasticityNoninformed",416,0.0415701
"EarningsElasticityNoninformed",417,0.0561807
"EarningsElasticityNoninformed",418,0.0535276
"EarningsElasticityNoninformed",419,0.019012
"EarningsElasticityNoninformed",420,0.0530879
"EarningsElasticityNoninformed",421,0.0507549
"EarningsElasticityNoninformed",422,0.0820052
"EarningsElasticityNoninformed",423,0.0429956
"EarningsElasticityNoninformed",424,0.0552026
"EarningsElasticityNoninformed",425,0.0426558
"EarningsElasticityNoninformed",426,0.0502355
"EarningsElasticityNoninformed",427,0.0486012
"EarningsElasticityNoninformed",428,0.0718412
"EarningsElasticityNoninformed",429,0.103472
"EarningsElasticityNoninformed",430,0.0645839
"EarningsElasticityNoninformed",431,0.0289842
"EarningsElasticityNoninformed",432,0.0485355
"EarningsElasticityNoninformed",433,0.0287495
"EarningsElasticityNoninformed",434,0.0786546
"EarningsElasticityNoninformed",435,0.050366
"EarningsElasticityNoninformed",436,0.0224129
"EarningsElasticityNoninformed",437,0.0555172
"EarningsElasticityNoninformed",438,0.0634035
"EarningsElasticityNoninformed",439,0.0605438
"EarningsElasticityNoninformed",440,0.0430123
"EarningsElasticityNoninformed",441,0.1008781
"EarningsElasticityNoninformed",442,0.0665108
"EarningsElasticityNoninformed",443,0.0367885
"EarningsElasticityNoninformed",444,0.0482714
"EarningsElasticityNoninformed",445,0.073121
"EarningsElasticityNoninformed",446,0.050572
"EarningsElasticityNoninformed",447,0.0540323
"EarningsElasticityNoninformed",448,0.0436314
"EarningsElasticityNoninformed",449,0.0561151
"EarningsElasticityNoninformed",450,0.055945
"EarningsElasticityNoninformed",451,0.0498386
"EarningsElasticityNoninformed",452,0.0667998
"EarningsElasticityNoninformed",453,0.0577035
"EarningsElasticityNoninformed",454,0.0449419
"EarningsElasticityNoninformed",455,0.0596377
"EarningsElasticityNoninformed",456,0.0389781
"EarningsElasticityNoninformed",457,0.0814792
"EarningsElasticityNoninformed",458,0.0463698
"EarningsElasticityNoninformed",459,0.0665401
"EarningsElasticityNoninformed",460,0.0626533
"EarningsElasticityNoninformed",461,0.1010239
"EarningsElasticityNoninformed",462,0.0680856
"EarningsElasticityNoninformed",463,0.0275343
"EarningsElasticityNoninformed",464,0.048378
"EarningsElasticityNoninformed",465,0.0697695
"EarningsElasticityNoninformed",466,0.0351933
"EarningsElasticityNoninformed",467,0.0564909
"EarningsElasticityNoninformed",468,0.0319019
"EarningsElasticityNoninformed",469,0.07814
"EarningsElasticityNoninformed",470,0.0540257
"EarningsElasticityNoninformed",471,0.0647982
"EarningsElasticityNoninformed",472,0.0856098
"EarningsElasticityNoninformed",473,0.0328173
"EarningsElasticityNoninformed",474,0.0540674
"EarningsElasticityNoninformed",475,0.0494273
"EarningsElasticityNoninformed",476,0.0786028
"EarningsElasticityNoninformed",477,0.0638018
"EarningsElasticityNoninformed",478,0.0684293
"EarningsElasticityNoninformed",479,0.0530132
"EarningsElasticityNoninformed",480,0.0621429
"EarningsElasticityNoninformed",481,0.0274113
"EarningsElasticityNoninformed",482,0.0826894
"EarningsElasticityNoninformed",483,0.0656815
"EarningsElasticityNoninformed",484,0.0202094
"EarningsElasticityNoninformed",485,0.0787456
"EarningsElasticityNoninformed",486,0.0587157
"EarningsElasticityNoninformed",487,0.0502988
"EarningsElasticityNoninformed",488,0.0382286
"EarningsElasticityNoninformed",489,0.0425419
"EarningsElasticityNoninformed",490,0.0346073
"EarningsElasticityNoninformed",491,0.0776792
"EarningsElasticityNoninformed",492,0.0758228
"EarningsElasticityNoninformed",493,0.0311791
"EarningsElasticityNoninformed",494,0.0428408
"EarningsElasticityNoninformed",495,0.0407479
"EarningsElasticityNoninformed",496,0.0800024
"EarningsElasticityNoninformed",497,0.0620176
"EarningsElasticityNoninformed",498,0.0551138
"EarningsElasticityNoninformed",499,0.0668279
"EarningsElasticityNoninformed",500,0.0363129
